scenario,run,x1,x2,x3,x4,x5,x6,x7,x8,x9,x10,x11,x12,x13,x14,x15,x16,x17,x18,x19,x20,x21,x22,x23,x24,x25,x26,x27,x28,x29,x30,x31,x32,x33,x34,x35,x36,x37,x38,label,rule_label,rule_redirect_strict_mismatch,rule_redirect_wildcard_misconfig,rule_pkce_missing,rule_pkce_plain,rule_refresh_misuse_wrong_client,rule_stolen_refresh_attempt,rule_code_missing,rule_token_error,rule_refresh_step_present,rule_refresh_rejected_401,rule_stolen_step_present,rule_stolen_accepted_200,rule_redirect_code_to_malicious
no_pkce_accepted,1,1,1,1,1,1,0,0,1,1,1,1,1,1,0,0,0,0,1,0,0,0,0,1,0,1,0,0,1,0,2,1,0,1,0,1,1,0,0,1,no_pkce_accepted,0,0,1,0,0,0,0,0,0,0,0,0,1
no_pkce_accepted,10,1,1,1,1,1,0,0,1,1,1,1,1,1,0,0,0,0,1,0,0,0,0,1,0,1,0,0,1,0,2,1,0,1,0,1,1,0,0,1,no_pkce_accepted,0,0,1,0,0,0,0,0,0,0,0,0,1
no_pkce_accepted,100,1,1,1,1,1,0,0,1,1,1,1,1,1,0,0,0,0,1,0,0,0,0,1,0,1,0,0,1,0,2,1,0,1,0,1,1,0,0,1,no_pkce_accepted,0,0,1,0,0,0,0,0,0,0,0,0,1
no_pkce_accepted,101,1,1,1,1,1,0,0,1,1,1,1,1,1,0,0,0,0,1,0,0,0,0,1,0,1,0,0,1,0,2,1,0,1,0,1,1,0,0,1,no_pkce_accepted,0,0,1,0,0,0,0,0,0,0,0,0,1
no_pkce_accepted,102,1,1,1,1,1,0,0,1,1,1,1,1,1,0,0,0,0,1,0,0,0,0,1,0,1,0,0,1,0,2,1,0,1,0,1,1,0,0,1,no_pkce_accepted,0,0,1,0,0,0,0,0,0,0,0,0,1
no_pkce_accepted,103,1,1,1,1,1,0,0,1,1,1,1,1,1,0,0,0,0,1,0,0,0,0,1,0,1,0,0,1,0,2,1,0,1,0,1,1,0,0,1,no_pkce_accepted,0,0,1,0,0,0,0,0,0,0,0,0,1
no_pkce_accepted,104,1,1,1,1,1,0,0,1,1,1,1,1,1,0,0,0,0,1,0,0,0,0,1,0,1,0,0,1,0,2,1,0,1,0,1,1,0,0,1,no_pkce_accepted,0,0,1,0,0,0,0,0,0,0,0,0,1
no_pkce_accepted,105,1,1,1,1,1,0,0,1,1,1,1,1,1,0,0,0,0,1,0,0,0,0,1,0,1,0,0,1,0,2,1,0,1,0,1,1,0,0,1,no_pkce_accepted,0,0,1,0,0,0,0,0,0,0,0,0,1
no_pkce_accepted,106,1,1,1,1,1,0,0,1,1,1,1,1,1,0,0,0,0,1,0,0,0,0,1,0,1,0,0,1,0,2,1,0,1,0,1,1,0,0,1,no_pkce_accepted,0,0,1,0,0,0,0,0,0,0,0,0,1
no_pkce_accepted,107,1,1,1,1,1,0,0,1,1,1,1,1,1,0,0,0,0,1,0,0,0,0,1,0,1,0,0,1,0,2,1,0,1,0,1,1,0,0,1,no_pkce_accepted,0,0,1,0,0,0,0,0,0,0,0,0,1
no_pkce_accepted,108,1,1,1,1,1,0,0,1,1,1,1,1,1,0,0,0,0,1,0,0,0,0,1,0,1,0,0,1,0,2,1,0,1,0,1,1,0,0,1,no_pkce_accepted,0,0,1,0,0,0,0,0,0,0,0,0,1
no_pkce_accepted,109,1,1,1,1,1,0,0,1,1,1,1,1,1,0,0,0,0,1,0,0,0,0,1,0,1,0,0,1,0,2,1,0,1,0,1,1,0,0,1,no_pkce_accepted,0,0,1,0,0,0,0,0,0,0,0,0,1
no_pkce_accepted,11,1,1,1,1,1,0,0,1,1,1,1,1,1,0,0,0,0,1,0,0,0,0,1,0,1,0,0,1,0,2,1,0,1,0,1,1,0,0,1,no_pkce_accepted,0,0,1,0,0,0,0,0,0,0,0,0,1
no_pkce_accepted,110,1,1,1,1,1,0,0,1,1,1,1,1,1,0,0,0,0,1,0,0,0,0,1,0,1,0,0,1,0,2,1,0,1,0,1,1,0,0,1,no_pkce_accepted,0,0,1,0,0,0,0,0,0,0,0,0,1
no_pkce_accepted,111,1,1,1,1,1,0,0,1,1,1,1,1,1,0,0,0,0,1,0,0,0,0,1,0,1,0,0,1,0,2,1,0,1,0,1,1,0,0,1,no_pkce_accepted,0,0,1,0,0,0,0,0,0,0,0,0,1
no_pkce_accepted,112,1,1,1,1,1,0,0,1,1,1,1,1,1,0,0,0,0,1,0,0,0,0,1,0,1,0,0,1,0,2,1,0,1,0,1,1,0,0,1,no_pkce_accepted,0,0,1,0,0,0,0,0,0,0,0,0,1
no_pkce_accepted,113,1,1,1,1,1,0,0,1,1,1,1,1,1,0,0,0,0,1,0,0,0,0,1,0,1,0,0,1,0,2,1,0,1,0,1,1,0,0,1,no_pkce_accepted,0,0,1,0,0,0,0,0,0,0,0,0,1
no_pkce_accepted,114,1,1,1,1,1,0,0,1,1,1,1,1,1,0,0,0,0,1,0,0,0,0,1,0,1,0,0,1,0,2,1,0,1,0,1,1,0,0,1,no_pkce_accepted,0,0,1,0,0,0,0,0,0,0,0,0,1
no_pkce_accepted,115,1,1,1,1,1,0,0,1,1,1,1,1,1,0,0,0,0,1,0,0,0,0,1,0,1,0,0,1,0,2,1,0,1,0,1,1,0,0,1,no_pkce_accepted,0,0,1,0,0,0,0,0,0,0,0,0,1
no_pkce_accepted,116,1,1,1,1,1,0,0,1,1,1,1,1,1,0,0,0,0,1,0,0,0,0,1,0,1,0,0,1,0,2,1,0,1,0,1,1,0,0,1,no_pkce_accepted,0,0,1,0,0,0,0,0,0,0,0,0,1
no_pkce_accepted,117,1,1,1,1,1,0,0,1,1,1,1,1,1,0,0,0,0,1,0,0,0,0,1,0,1,0,0,1,0,2,1,0,1,0,1,1,0,0,1,no_pkce_accepted,0,0,1,0,0,0,0,0,0,0,0,0,1
no_pkce_accepted,118,1,1,1,1,1,0,0,1,1,1,1,1,1,0,0,0,0,1,0,0,0,0,1,0,1,0,0,1,0,2,1,0,1,0,1,1,0,0,1,no_pkce_accepted,0,0,1,0,0,0,0,0,0,0,0,0,1
no_pkce_accepted,119,1,1,1,1,1,0,0,1,1,1,1,1,1,0,0,0,0,1,0,0,0,0,1,0,1,0,0,1,0,2,1,0,1,0,1,1,0,0,1,no_pkce_accepted,0,0,1,0,0,0,0,0,0,0,0,0,1
no_pkce_accepted,12,1,1,1,1,1,0,0,1,1,1,1,1,1,0,0,0,0,1,0,0,0,0,1,0,1,0,0,1,0,2,1,0,1,0,1,1,0,0,1,no_pkce_accepted,0,0,1,0,0,0,0,0,0,0,0,0,1
no_pkce_accepted,120,1,1,1,1,1,0,0,1,1,1,1,1,1,0,0,0,0,1,0,0,0,0,1,0,1,0,0,1,0,2,1,0,1,0,1,1,0,0,1,no_pkce_accepted,0,0,1,0,0,0,0,0,0,0,0,0,1
no_pkce_accepted,121,1,1,1,1,1,0,0,1,1,1,1,1,1,0,0,0,0,1,0,0,0,0,1,0,1,0,0,1,0,2,1,0,1,0,1,1,0,0,1,no_pkce_accepted,0,0,1,0,0,0,0,0,0,0,0,0,1
no_pkce_accepted,122,1,1,1,1,1,0,0,1,1,1,1,1,1,0,0,0,0,1,0,0,0,0,1,0,1,0,0,1,0,2,1,0,1,0,1,1,0,0,1,no_pkce_accepted,0,0,1,0,0,0,0,0,0,0,0,0,1
no_pkce_accepted,123,1,1,1,1,1,0,0,1,1,1,1,1,1,0,0,0,0,1,0,0,0,0,1,0,1,0,0,1,0,2,1,0,1,0,1,1,0,0,1,no_pkce_accepted,0,0,1,0,0,0,0,0,0,0,0,0,1
no_pkce_accepted,124,1,1,1,1,1,0,0,1,1,1,1,1,1,0,0,0,0,1,0,0,0,0,1,0,1,0,0,1,0,2,1,0,1,0,1,1,0,0,1,no_pkce_accepted,0,0,1,0,0,0,0,0,0,0,0,0,1
no_pkce_accepted,125,1,1,1,1,1,0,0,1,1,1,1,1,1,0,0,0,0,1,0,0,0,0,1,0,1,0,0,1,0,2,1,0,1,0,1,1,0,0,1,no_pkce_accepted,0,0,1,0,0,0,0,0,0,0,0,0,1
no_pkce_accepted,13,1,1,1,1,1,0,0,1,1,1,1,1,1,0,0,0,0,1,0,0,0,0,1,0,1,0,0,1,0,2,1,0,1,0,1,1,0,0,1,no_pkce_accepted,0,0,1,0,0,0,0,0,0,0,0,0,1
no_pkce_accepted,14,1,1,1,1,1,0,0,1,1,1,1,1,1,0,0,0,0,1,0,0,0,0,1,0,1,0,0,1,0,2,1,0,1,0,1,1,0,0,1,no_pkce_accepted,0,0,1,0,0,0,0,0,0,0,0,0,1
no_pkce_accepted,15,1,1,1,1,1,0,0,1,1,1,1,1,1,0,0,0,0,1,0,0,0,0,1,0,1,0,0,1,0,2,1,0,1,0,1,1,0,0,1,no_pkce_accepted,0,0,1,0,0,0,0,0,0,0,0,0,1
no_pkce_accepted,16,1,1,1,1,1,0,0,1,1,1,1,1,1,0,0,0,0,1,0,0,0,0,1,0,1,0,0,1,0,2,1,0,1,0,1,1,0,0,1,no_pkce_accepted,0,0,1,0,0,0,0,0,0,0,0,0,1
no_pkce_accepted,17,1,1,1,1,1,0,0,1,1,1,1,1,1,0,0,0,0,1,0,0,0,0,1,0,1,0,0,1,0,2,1,0,1,0,1,1,0,0,1,no_pkce_accepted,0,0,1,0,0,0,0,0,0,0,0,0,1
no_pkce_accepted,18,1,1,1,1,1,0,0,1,1,1,1,1,1,0,0,0,0,1,0,0,0,0,1,0,1,0,0,1,0,2,1,0,1,0,1,1,0,0,1,no_pkce_accepted,0,0,1,0,0,0,0,0,0,0,0,0,1
no_pkce_accepted,19,1,1,1,1,1,0,0,1,1,1,1,1,1,0,0,0,0,1,0,0,0,0,1,0,1,0,0,1,0,2,1,0,1,0,1,1,0,0,1,no_pkce_accepted,0,0,1,0,0,0,0,0,0,0,0,0,1
no_pkce_accepted,2,1,1,1,1,1,0,0,1,1,1,1,1,1,0,0,0,0,1,0,0,0,0,1,0,1,0,0,1,0,2,1,0,1,0,1,1,0,0,1,no_pkce_accepted,0,0,1,0,0,0,0,0,0,0,0,0,1
no_pkce_accepted,20,1,1,1,1,1,0,0,1,1,1,1,1,1,0,0,0,0,1,0,0,0,0,1,0,1,0,0,1,0,2,1,0,1,0,1,1,0,0,1,no_pkce_accepted,0,0,1,0,0,0,0,0,0,0,0,0,1
no_pkce_accepted,21,1,1,1,1,1,0,0,1,1,1,1,1,1,0,0,0,0,1,0,0,0,0,1,0,1,0,0,1,0,2,1,0,1,0,1,1,0,0,1,no_pkce_accepted,0,0,1,0,0,0,0,0,0,0,0,0,1
no_pkce_accepted,22,1,1,1,1,1,0,0,1,1,1,1,1,1,0,0,0,0,1,0,0,0,0,1,0,1,0,0,1,0,2,1,0,1,0,1,1,0,0,1,no_pkce_accepted,0,0,1,0,0,0,0,0,0,0,0,0,1
no_pkce_accepted,23,1,1,1,1,1,0,0,1,1,1,1,1,1,0,0,0,0,1,0,0,0,0,1,0,1,0,0,1,0,2,1,0,1,0,1,1,0,0,1,no_pkce_accepted,0,0,1,0,0,0,0,0,0,0,0,0,1
no_pkce_accepted,24,1,1,1,1,1,0,0,1,1,1,1,1,1,0,0,0,0,1,0,0,0,0,1,0,1,0,0,1,0,2,1,0,1,0,1,1,0,0,1,no_pkce_accepted,0,0,1,0,0,0,0,0,0,0,0,0,1
no_pkce_accepted,25,1,1,1,1,1,0,0,1,1,1,1,1,1,0,0,0,0,1,0,0,0,0,1,0,1,0,0,1,0,2,1,0,1,0,1,1,0,0,1,no_pkce_accepted,0,0,1,0,0,0,0,0,0,0,0,0,1
no_pkce_accepted,26,1,1,1,1,1,0,0,1,1,1,1,1,1,0,0,0,0,1,0,0,0,0,1,0,1,0,0,1,0,2,1,0,1,0,1,1,0,0,1,no_pkce_accepted,0,0,1,0,0,0,0,0,0,0,0,0,1
no_pkce_accepted,27,1,1,1,1,1,0,0,1,1,1,1,1,1,0,0,0,0,1,0,0,0,0,1,0,1,0,0,1,0,2,1,0,1,0,1,1,0,0,1,no_pkce_accepted,0,0,1,0,0,0,0,0,0,0,0,0,1
no_pkce_accepted,28,1,1,1,1,1,0,0,1,1,1,1,1,1,0,0,0,0,1,0,0,0,0,1,0,1,0,0,1,0,2,1,0,1,0,1,1,0,0,1,no_pkce_accepted,0,0,1,0,0,0,0,0,0,0,0,0,1
no_pkce_accepted,29,1,1,1,1,1,0,0,1,1,1,1,1,1,0,0,0,0,1,0,0,0,0,1,0,1,0,0,1,0,2,1,0,1,0,1,1,0,0,1,no_pkce_accepted,0,0,1,0,0,0,0,0,0,0,0,0,1
no_pkce_accepted,3,1,1,1,1,1,0,0,1,1,1,1,1,1,0,0,0,0,1,0,0,0,0,1,0,1,0,0,1,0,2,1,0,1,0,1,1,0,0,1,no_pkce_accepted,0,0,1,0,0,0,0,0,0,0,0,0,1
no_pkce_accepted,30,1,1,1,1,1,0,0,1,1,1,1,1,1,0,0,0,0,1,0,0,0,0,1,0,1,0,0,1,0,2,1,0,1,0,1,1,0,0,1,no_pkce_accepted,0,0,1,0,0,0,0,0,0,0,0,0,1
no_pkce_accepted,31,1,1,1,1,1,0,0,1,1,1,1,1,1,0,0,0,0,1,0,0,0,0,1,0,1,0,0,1,0,2,1,0,1,0,1,1,0,0,1,no_pkce_accepted,0,0,1,0,0,0,0,0,0,0,0,0,1
no_pkce_accepted,32,1,1,1,1,1,0,0,1,1,1,1,1,1,0,0,0,0,1,0,0,0,0,1,0,1,0,0,1,0,2,1,0,1,0,1,1,0,0,1,no_pkce_accepted,0,0,1,0,0,0,0,0,0,0,0,0,1
no_pkce_accepted,33,1,1,1,1,1,0,0,1,1,1,1,1,1,0,0,0,0,1,0,0,0,0,1,0,1,0,0,1,0,2,1,0,1,0,1,1,0,0,1,no_pkce_accepted,0,0,1,0,0,0,0,0,0,0,0,0,1
no_pkce_accepted,34,1,1,1,1,1,0,0,1,1,1,1,1,1,0,0,0,0,1,0,0,0,0,1,0,1,0,0,1,0,2,1,0,1,0,1,1,0,0,1,no_pkce_accepted,0,0,1,0,0,0,0,0,0,0,0,0,1
no_pkce_accepted,35,1,1,1,1,1,0,0,1,1,1,1,1,1,0,0,0,0,1,0,0,0,0,1,0,1,0,0,1,0,2,1,0,1,0,1,1,0,0,1,no_pkce_accepted,0,0,1,0,0,0,0,0,0,0,0,0,1
no_pkce_accepted,36,1,1,1,1,1,0,0,1,1,1,1,1,1,0,0,0,0,1,0,0,0,0,1,0,1,0,0,1,0,2,1,0,1,0,1,1,0,0,1,no_pkce_accepted,0,0,1,0,0,0,0,0,0,0,0,0,1
no_pkce_accepted,37,1,1,1,1,1,0,0,1,1,1,1,1,1,0,0,0,0,1,0,0,0,0,1,0,1,0,0,1,0,2,1,0,1,0,1,1,0,0,1,no_pkce_accepted,0,0,1,0,0,0,0,0,0,0,0,0,1
no_pkce_accepted,38,1,1,1,1,1,0,0,1,1,1,1,1,1,0,0,0,0,1,0,0,0,0,1,0,1,0,0,1,0,2,1,0,1,0,1,1,0,0,1,no_pkce_accepted,0,0,1,0,0,0,0,0,0,0,0,0,1
no_pkce_accepted,39,1,1,1,1,1,0,0,1,1,1,1,1,1,0,0,0,0,1,0,0,0,0,1,0,1,0,0,1,0,2,1,0,1,0,1,1,0,0,1,no_pkce_accepted,0,0,1,0,0,0,0,0,0,0,0,0,1
no_pkce_accepted,4,1,1,1,1,1,0,0,1,1,1,1,1,1,0,0,0,0,1,0,0,0,0,1,0,1,0,0,1,0,2,1,0,1,0,1,1,0,0,1,no_pkce_accepted,0,0,1,0,0,0,0,0,0,0,0,0,1
no_pkce_accepted,40,1,1,1,1,1,0,0,1,1,1,1,1,1,0,0,0,0,1,0,0,0,0,1,0,1,0,0,1,0,2,1,0,1,0,1,1,0,0,1,no_pkce_accepted,0,0,1,0,0,0,0,0,0,0,0,0,1
no_pkce_accepted,41,1,1,1,1,1,0,0,1,1,1,1,1,1,0,0,0,0,1,0,0,0,0,1,0,1,0,0,1,0,2,1,0,1,0,1,1,0,0,1,no_pkce_accepted,0,0,1,0,0,0,0,0,0,0,0,0,1
no_pkce_accepted,42,1,1,1,1,1,0,0,1,1,1,1,1,1,0,0,0,0,1,0,0,0,0,1,0,1,0,0,1,0,2,1,0,1,0,1,1,0,0,1,no_pkce_accepted,0,0,1,0,0,0,0,0,0,0,0,0,1
no_pkce_accepted,43,1,1,1,1,1,0,0,1,1,1,1,1,1,0,0,0,0,1,0,0,0,0,1,0,1,0,0,1,0,2,1,0,1,0,1,1,0,0,1,no_pkce_accepted,0,0,1,0,0,0,0,0,0,0,0,0,1
no_pkce_accepted,44,1,1,1,1,1,0,0,1,1,1,1,1,1,0,0,0,0,1,0,0,0,0,1,0,1,0,0,1,0,2,1,0,1,0,1,1,0,0,1,no_pkce_accepted,0,0,1,0,0,0,0,0,0,0,0,0,1
no_pkce_accepted,45,1,1,1,1,1,0,0,1,1,1,1,1,1,0,0,0,0,1,0,0,0,0,1,0,1,0,0,1,0,2,1,0,1,0,1,1,0,0,1,no_pkce_accepted,0,0,1,0,0,0,0,0,0,0,0,0,1
no_pkce_accepted,46,1,1,1,1,1,0,0,1,1,1,1,1,1,0,0,0,0,1,0,0,0,0,1,0,1,0,0,1,0,2,1,0,1,0,1,1,0,0,1,no_pkce_accepted,0,0,1,0,0,0,0,0,0,0,0,0,1
no_pkce_accepted,47,1,1,1,1,1,0,0,1,1,1,1,1,1,0,0,0,0,1,0,0,0,0,1,0,1,0,0,1,0,2,1,0,1,0,1,1,0,0,1,no_pkce_accepted,0,0,1,0,0,0,0,0,0,0,0,0,1
no_pkce_accepted,48,1,1,1,1,1,0,0,1,1,1,1,1,1,0,0,0,0,1,0,0,0,0,1,0,1,0,0,1,0,2,1,0,1,0,1,1,0,0,1,no_pkce_accepted,0,0,1,0,0,0,0,0,0,0,0,0,1
no_pkce_accepted,49,1,1,1,1,1,0,0,1,1,1,1,1,1,0,0,0,0,1,0,0,0,0,1,0,1,0,0,1,0,2,1,0,1,0,1,1,0,0,1,no_pkce_accepted,0,0,1,0,0,0,0,0,0,0,0,0,1
no_pkce_accepted,5,1,1,1,1,1,0,0,1,1,1,1,1,1,0,0,0,0,1,0,0,0,0,1,0,1,0,0,1,0,2,1,0,1,0,1,1,0,0,1,no_pkce_accepted,0,0,1,0,0,0,0,0,0,0,0,0,1
no_pkce_accepted,50,1,1,1,1,1,0,0,1,1,1,1,1,1,0,0,0,0,1,0,0,0,0,1,0,1,0,0,1,0,2,1,0,1,0,1,1,0,0,1,no_pkce_accepted,0,0,1,0,0,0,0,0,0,0,0,0,1
no_pkce_accepted,51,1,1,1,1,1,0,0,1,1,1,1,1,1,0,0,0,0,1,0,0,0,0,1,0,1,0,0,1,0,2,1,0,1,0,1,1,0,0,1,no_pkce_accepted,0,0,1,0,0,0,0,0,0,0,0,0,1
no_pkce_accepted,52,1,1,1,1,1,0,0,1,1,1,1,1,1,0,0,0,0,1,0,0,0,0,1,0,1,0,0,1,0,2,1,0,1,0,1,1,0,0,1,no_pkce_accepted,0,0,1,0,0,0,0,0,0,0,0,0,1
no_pkce_accepted,53,1,1,1,1,1,0,0,1,1,1,1,1,1,0,0,0,0,1,0,0,0,0,1,0,1,0,0,1,0,2,1,0,1,0,1,1,0,0,1,no_pkce_accepted,0,0,1,0,0,0,0,0,0,0,0,0,1
no_pkce_accepted,54,1,1,1,1,1,0,0,1,1,1,1,1,1,0,0,0,0,1,0,0,0,0,1,0,1,0,0,1,0,2,1,0,1,0,1,1,0,0,1,no_pkce_accepted,0,0,1,0,0,0,0,0,0,0,0,0,1
no_pkce_accepted,55,1,1,1,1,1,0,0,1,1,1,1,1,1,0,0,0,0,1,0,0,0,0,1,0,1,0,0,1,0,2,1,0,1,0,1,1,0,0,1,no_pkce_accepted,0,0,1,0,0,0,0,0,0,0,0,0,1
no_pkce_accepted,56,1,1,1,1,1,0,0,1,1,1,1,1,1,0,0,0,0,1,0,0,0,0,1,0,1,0,0,1,0,2,1,0,1,0,1,1,0,0,1,no_pkce_accepted,0,0,1,0,0,0,0,0,0,0,0,0,1
no_pkce_accepted,57,1,1,1,1,1,0,0,1,1,1,1,1,1,0,0,0,0,1,0,0,0,0,1,0,1,0,0,1,0,2,1,0,1,0,1,1,0,0,1,no_pkce_accepted,0,0,1,0,0,0,0,0,0,0,0,0,1
no_pkce_accepted,58,1,1,1,1,1,0,0,1,1,1,1,1,1,0,0,0,0,1,0,0,0,0,1,0,1,0,0,1,0,2,1,0,1,0,1,1,0,0,1,no_pkce_accepted,0,0,1,0,0,0,0,0,0,0,0,0,1
no_pkce_accepted,59,1,1,1,1,1,0,0,1,1,1,1,1,1,0,0,0,0,1,0,0,0,0,1,0,1,0,0,1,0,2,1,0,1,0,1,1,0,0,1,no_pkce_accepted,0,0,1,0,0,0,0,0,0,0,0,0,1
no_pkce_accepted,6,1,1,1,1,1,0,0,1,1,1,1,1,1,0,0,0,0,1,0,0,0,0,1,0,1,0,0,1,0,2,1,0,1,0,1,1,0,0,1,no_pkce_accepted,0,0,1,0,0,0,0,0,0,0,0,0,1
no_pkce_accepted,60,1,1,1,1,1,0,0,1,1,1,1,1,1,0,0,0,0,1,0,0,0,0,1,0,1,0,0,1,0,2,1,0,1,0,1,1,0,0,1,no_pkce_accepted,0,0,1,0,0,0,0,0,0,0,0,0,1
no_pkce_accepted,61,1,1,1,1,1,0,0,1,1,1,1,1,1,0,0,0,0,1,0,0,0,0,1,0,1,0,0,1,0,2,1,0,1,0,1,1,0,0,1,no_pkce_accepted,0,0,1,0,0,0,0,0,0,0,0,0,1
no_pkce_accepted,62,1,1,1,1,1,0,0,1,1,1,1,1,1,0,0,0,0,1,0,0,0,0,1,0,1,0,0,1,0,2,1,0,1,0,1,1,0,0,1,no_pkce_accepted,0,0,1,0,0,0,0,0,0,0,0,0,1
no_pkce_accepted,63,1,1,1,1,1,0,0,1,1,1,1,1,1,0,0,0,0,1,0,0,0,0,1,0,1,0,0,1,0,2,1,0,1,0,1,1,0,0,1,no_pkce_accepted,0,0,1,0,0,0,0,0,0,0,0,0,1
no_pkce_accepted,64,1,1,1,1,1,0,0,1,1,1,1,1,1,0,0,0,0,1,0,0,0,0,1,0,1,0,0,1,0,2,1,0,1,0,1,1,0,0,1,no_pkce_accepted,0,0,1,0,0,0,0,0,0,0,0,0,1
no_pkce_accepted,65,1,1,1,1,1,0,0,1,1,1,1,1,1,0,0,0,0,1,0,0,0,0,1,0,1,0,0,1,0,2,1,0,1,0,1,1,0,0,1,no_pkce_accepted,0,0,1,0,0,0,0,0,0,0,0,0,1
no_pkce_accepted,66,1,1,1,1,1,0,0,1,1,1,1,1,1,0,0,0,0,1,0,0,0,0,1,0,1,0,0,1,0,2,1,0,1,0,1,1,0,0,1,no_pkce_accepted,0,0,1,0,0,0,0,0,0,0,0,0,1
no_pkce_accepted,67,1,1,1,1,1,0,0,1,1,1,1,1,1,0,0,0,0,1,0,0,0,0,1,0,1,0,0,1,0,2,1,0,1,0,1,1,0,0,1,no_pkce_accepted,0,0,1,0,0,0,0,0,0,0,0,0,1
no_pkce_accepted,68,1,1,1,1,1,0,0,1,1,1,1,1,1,0,0,0,0,1,0,0,0,0,1,0,1,0,0,1,0,2,1,0,1,0,1,1,0,0,1,no_pkce_accepted,0,0,1,0,0,0,0,0,0,0,0,0,1
no_pkce_accepted,69,1,1,1,1,1,0,0,1,1,1,1,1,1,0,0,0,0,1,0,0,0,0,1,0,1,0,0,1,0,2,1,0,1,0,1,1,0,0,1,no_pkce_accepted,0,0,1,0,0,0,0,0,0,0,0,0,1
no_pkce_accepted,7,1,1,1,1,1,0,0,1,1,1,1,1,1,0,0,0,0,1,0,0,0,0,1,0,1,0,0,1,0,2,1,0,1,0,1,1,0,0,1,no_pkce_accepted,0,0,1,0,0,0,0,0,0,0,0,0,1
no_pkce_accepted,70,1,1,1,1,1,0,0,1,1,1,1,1,1,0,0,0,0,1,0,0,0,0,1,0,1,0,0,1,0,2,1,0,1,0,1,1,0,0,1,no_pkce_accepted,0,0,1,0,0,0,0,0,0,0,0,0,1
no_pkce_accepted,71,1,1,1,1,1,0,0,1,1,1,1,1,1,0,0,0,0,1,0,0,0,0,1,0,1,0,0,1,0,2,1,0,1,0,1,1,0,0,1,no_pkce_accepted,0,0,1,0,0,0,0,0,0,0,0,0,1
no_pkce_accepted,72,1,1,1,1,1,0,0,1,1,1,1,1,1,0,0,0,0,1,0,0,0,0,1,0,1,0,0,1,0,2,1,0,1,0,1,1,0,0,1,no_pkce_accepted,0,0,1,0,0,0,0,0,0,0,0,0,1
no_pkce_accepted,73,1,1,1,1,1,0,0,1,1,1,1,1,1,0,0,0,0,1,0,0,0,0,1,0,1,0,0,1,0,2,1,0,1,0,1,1,0,0,1,no_pkce_accepted,0,0,1,0,0,0,0,0,0,0,0,0,1
no_pkce_accepted,74,1,1,1,1,1,0,0,1,1,1,1,1,1,0,0,0,0,1,0,0,0,0,1,0,1,0,0,1,0,2,1,0,1,0,1,1,0,0,1,no_pkce_accepted,0,0,1,0,0,0,0,0,0,0,0,0,1
no_pkce_accepted,75,1,1,1,1,1,0,0,1,1,1,1,1,1,0,0,0,0,1,0,0,0,0,1,0,1,0,0,1,0,2,1,0,1,0,1,1,0,0,1,no_pkce_accepted,0,0,1,0,0,0,0,0,0,0,0,0,1
no_pkce_accepted,76,1,1,1,1,1,0,0,1,1,1,1,1,1,0,0,0,0,1,0,0,0,0,1,0,1,0,0,1,0,2,1,0,1,0,1,1,0,0,1,no_pkce_accepted,0,0,1,0,0,0,0,0,0,0,0,0,1
no_pkce_accepted,77,1,1,1,1,1,0,0,1,1,1,1,1,1,0,0,0,0,1,0,0,0,0,1,0,1,0,0,1,0,2,1,0,1,0,1,1,0,0,1,no_pkce_accepted,0,0,1,0,0,0,0,0,0,0,0,0,1
no_pkce_accepted,78,1,1,1,1,1,0,0,1,1,1,1,1,1,0,0,0,0,1,0,0,0,0,1,0,1,0,0,1,0,2,1,0,1,0,1,1,0,0,1,no_pkce_accepted,0,0,1,0,0,0,0,0,0,0,0,0,1
no_pkce_accepted,79,1,1,1,1,1,0,0,1,1,1,1,1,1,0,0,0,0,1,0,0,0,0,1,0,1,0,0,1,0,2,1,0,1,0,1,1,0,0,1,no_pkce_accepted,0,0,1,0,0,0,0,0,0,0,0,0,1
no_pkce_accepted,8,1,1,1,1,1,0,0,1,1,1,1,1,1,0,0,0,0,1,0,0,0,0,1,0,1,0,0,1,0,2,1,0,1,0,1,1,0,0,1,no_pkce_accepted,0,0,1,0,0,0,0,0,0,0,0,0,1
no_pkce_accepted,80,1,1,1,1,1,0,0,1,1,1,1,1,1,0,0,0,0,1,0,0,0,0,1,0,1,0,0,1,0,2,1,0,1,0,1,1,0,0,1,no_pkce_accepted,0,0,1,0,0,0,0,0,0,0,0,0,1
no_pkce_accepted,81,1,1,1,1,1,0,0,1,1,1,1,1,1,0,0,0,0,1,0,0,0,0,1,0,1,0,0,1,0,2,1,0,1,0,1,1,0,0,1,no_pkce_accepted,0,0,1,0,0,0,0,0,0,0,0,0,1
no_pkce_accepted,82,1,1,1,1,1,0,0,1,1,1,1,1,1,0,0,0,0,1,0,0,0,0,1,0,1,0,0,1,0,2,1,0,1,0,1,1,0,0,1,no_pkce_accepted,0,0,1,0,0,0,0,0,0,0,0,0,1
no_pkce_accepted,83,1,1,1,1,1,0,0,1,1,1,1,1,1,0,0,0,0,1,0,0,0,0,1,0,1,0,0,1,0,2,1,0,1,0,1,1,0,0,1,no_pkce_accepted,0,0,1,0,0,0,0,0,0,0,0,0,1
no_pkce_accepted,84,1,1,1,1,1,0,0,1,1,1,1,1,1,0,0,0,0,1,0,0,0,0,1,0,1,0,0,1,0,2,1,0,1,0,1,1,0,0,1,no_pkce_accepted,0,0,1,0,0,0,0,0,0,0,0,0,1
no_pkce_accepted,85,1,1,1,1,1,0,0,1,1,1,1,1,1,0,0,0,0,1,0,0,0,0,1,0,1,0,0,1,0,2,1,0,1,0,1,1,0,0,1,no_pkce_accepted,0,0,1,0,0,0,0,0,0,0,0,0,1
no_pkce_accepted,86,1,1,1,1,1,0,0,1,1,1,1,1,1,0,0,0,0,1,0,0,0,0,1,0,1,0,0,1,0,2,1,0,1,0,1,1,0,0,1,no_pkce_accepted,0,0,1,0,0,0,0,0,0,0,0,0,1
no_pkce_accepted,87,1,1,1,1,1,0,0,1,1,1,1,1,1,0,0,0,0,1,0,0,0,0,1,0,1,0,0,1,0,2,1,0,1,0,1,1,0,0,1,no_pkce_accepted,0,0,1,0,0,0,0,0,0,0,0,0,1
no_pkce_accepted,88,1,1,1,1,1,0,0,1,1,1,1,1,1,0,0,0,0,1,0,0,0,0,1,0,1,0,0,1,0,2,1,0,1,0,1,1,0,0,1,no_pkce_accepted,0,0,1,0,0,0,0,0,0,0,0,0,1
no_pkce_accepted,89,1,1,1,1,1,0,0,1,1,1,1,1,1,0,0,0,0,1,0,0,0,0,1,0,1,0,0,1,0,2,1,0,1,0,1,1,0,0,1,no_pkce_accepted,0,0,1,0,0,0,0,0,0,0,0,0,1
no_pkce_accepted,9,1,1,1,1,1,0,0,1,1,1,1,1,1,0,0,0,0,1,0,0,0,0,1,0,1,0,0,1,0,2,1,0,1,0,1,1,0,0,1,no_pkce_accepted,0,0,1,0,0,0,0,0,0,0,0,0,1
no_pkce_accepted,90,1,1,1,1,1,0,0,1,1,1,1,1,1,0,0,0,0,1,0,0,0,0,1,0,1,0,0,1,0,2,1,0,1,0,1,1,0,0,1,no_pkce_accepted,0,0,1,0,0,0,0,0,0,0,0,0,1
no_pkce_accepted,91,1,1,1,1,1,0,0,1,1,1,1,1,1,0,0,0,0,1,0,0,0,0,1,0,1,0,0,1,0,2,1,0,1,0,1,1,0,0,1,no_pkce_accepted,0,0,1,0,0,0,0,0,0,0,0,0,1
no_pkce_accepted,92,1,1,1,1,1,0,0,1,1,1,1,1,1,0,0,0,0,1,0,0,0,0,1,0,1,0,0,1,0,2,1,0,1,0,1,1,0,0,1,no_pkce_accepted,0,0,1,0,0,0,0,0,0,0,0,0,1
no_pkce_accepted,93,1,1,1,1,1,0,0,1,1,1,1,1,1,0,0,0,0,1,0,0,0,0,1,0,1,0,0,1,0,2,1,0,1,0,1,1,0,0,1,no_pkce_accepted,0,0,1,0,0,0,0,0,0,0,0,0,1
no_pkce_accepted,94,1,1,1,1,1,0,0,1,1,1,1,1,1,0,0,0,0,1,0,0,0,0,1,0,1,0,0,1,0,2,1,0,1,0,1,1,0,0,1,no_pkce_accepted,0,0,1,0,0,0,0,0,0,0,0,0,1
no_pkce_accepted,95,1,1,1,1,1,0,0,1,1,1,1,1,1,0,0,0,0,1,0,0,0,0,1,0,1,0,0,1,0,2,1,0,1,0,1,1,0,0,1,no_pkce_accepted,0,0,1,0,0,0,0,0,0,0,0,0,1
no_pkce_accepted,96,1,1,1,1,1,0,0,1,1,1,1,1,1,0,0,0,0,1,0,0,0,0,1,0,1,0,0,1,0,2,1,0,1,0,1,1,0,0,1,no_pkce_accepted,0,0,1,0,0,0,0,0,0,0,0,0,1
no_pkce_accepted,97,1,1,1,1,1,0,0,1,1,1,1,1,1,0,0,0,0,1,0,0,0,0,1,0,1,0,0,1,0,2,1,0,1,0,1,1,0,0,1,no_pkce_accepted,0,0,1,0,0,0,0,0,0,0,0,0,1
no_pkce_accepted,98,1,1,1,1,1,0,0,1,1,1,1,1,1,0,0,0,0,1,0,0,0,0,1,0,1,0,0,1,0,2,1,0,1,0,1,1,0,0,1,no_pkce_accepted,0,0,1,0,0,0,0,0,0,0,0,0,1
no_pkce_accepted,99,1,1,1,1,1,0,0,1,1,1,1,1,1,0,0,0,0,1,0,0,0,0,1,0,1,0,0,1,0,2,1,0,1,0,1,1,0,0,1,no_pkce_accepted,0,0,1,0,0,0,0,0,0,0,0,0,1
no_pkce_rejected,1,1,1,1,1,1,0,0,1,1,1,1,1,1,0,0,0,0,1,0,0,0,0,1,0,1,0,0,1,0,2,1,0,1,0,1,1,0,1,2,no_pkce_rejected,0,0,1,0,0,0,0,1,0,0,0,0,1
no_pkce_rejected,10,1,1,1,1,1,0,0,1,1,1,1,1,1,0,0,0,0,1,0,0,0,0,1,0,1,0,0,1,0,2,1,0,1,0,1,1,0,1,2,no_pkce_rejected,0,0,1,0,0,0,0,1,0,0,0,0,1
no_pkce_rejected,100,1,1,1,1,1,0,0,1,1,1,1,1,1,0,0,0,0,1,0,0,0,0,1,0,1,0,0,1,0,2,1,0,1,0,1,1,0,1,2,no_pkce_rejected,0,0,1,0,0,0,0,1,0,0,0,0,1
no_pkce_rejected,101,1,1,1,1,1,0,0,1,1,1,1,1,1,0,0,0,0,1,0,0,0,0,1,0,1,0,0,1,0,2,1,0,1,0,1,1,0,1,2,no_pkce_rejected,0,0,1,0,0,0,0,1,0,0,0,0,1
no_pkce_rejected,102,1,1,1,1,1,0,0,1,1,1,1,1,1,0,0,0,0,1,0,0,0,0,1,0,1,0,0,1,0,2,1,0,1,0,1,1,0,1,2,no_pkce_rejected,0,0,1,0,0,0,0,1,0,0,0,0,1
no_pkce_rejected,103,1,1,1,1,1,0,0,1,1,1,1,1,1,0,0,0,0,1,0,0,0,0,1,0,1,0,0,1,0,2,1,0,1,0,1,1,0,1,2,no_pkce_rejected,0,0,1,0,0,0,0,1,0,0,0,0,1
no_pkce_rejected,104,1,1,1,1,1,0,0,1,1,1,1,1,1,0,0,0,0,1,0,0,0,0,1,0,1,0,0,1,0,2,1,0,1,0,1,1,0,1,2,no_pkce_rejected,0,0,1,0,0,0,0,1,0,0,0,0,1
no_pkce_rejected,105,1,1,1,1,1,0,0,1,1,1,1,1,1,0,0,0,0,1,0,0,0,0,1,0,1,0,0,1,0,2,1,0,1,0,1,1,0,1,2,no_pkce_rejected,0,0,1,0,0,0,0,1,0,0,0,0,1
no_pkce_rejected,106,1,1,1,1,1,0,0,1,1,1,1,1,1,0,0,0,0,1,0,0,0,0,1,0,1,0,0,1,0,2,1,0,1,0,1,1,0,1,2,no_pkce_rejected,0,0,1,0,0,0,0,1,0,0,0,0,1
no_pkce_rejected,107,1,1,1,1,1,0,0,1,1,1,1,1,1,0,0,0,0,1,0,0,0,0,1,0,1,0,0,1,0,2,1,0,1,0,1,1,0,1,2,no_pkce_rejected,0,0,1,0,0,0,0,1,0,0,0,0,1
no_pkce_rejected,108,1,1,1,1,1,0,0,1,1,1,1,1,1,0,0,0,0,1,0,0,0,0,1,0,1,0,0,1,0,2,1,0,1,0,1,1,0,1,2,no_pkce_rejected,0,0,1,0,0,0,0,1,0,0,0,0,1
no_pkce_rejected,109,1,1,1,1,1,0,0,1,1,1,1,1,1,0,0,0,0,1,0,0,0,0,1,0,1,0,0,1,0,2,1,0,1,0,1,1,0,1,2,no_pkce_rejected,0,0,1,0,0,0,0,1,0,0,0,0,1
no_pkce_rejected,11,1,1,1,1,1,0,0,1,1,1,1,1,1,0,0,0,0,1,0,0,0,0,1,0,1,0,0,1,0,2,1,0,1,0,1,1,0,1,2,no_pkce_rejected,0,0,1,0,0,0,0,1,0,0,0,0,1
no_pkce_rejected,110,1,1,1,1,1,0,0,1,1,1,1,1,1,0,0,0,0,1,0,0,0,0,1,0,1,0,0,1,0,2,1,0,1,0,1,1,0,1,2,no_pkce_rejected,0,0,1,0,0,0,0,1,0,0,0,0,1
no_pkce_rejected,111,1,1,1,1,1,0,0,1,1,1,1,1,1,0,0,0,0,1,0,0,0,0,1,0,1,0,0,1,0,2,1,0,1,0,1,1,0,1,2,no_pkce_rejected,0,0,1,0,0,0,0,1,0,0,0,0,1
no_pkce_rejected,112,1,1,1,1,1,0,0,1,1,1,1,1,1,0,0,0,0,1,0,0,0,0,1,0,1,0,0,1,0,2,1,0,1,0,1,1,0,1,2,no_pkce_rejected,0,0,1,0,0,0,0,1,0,0,0,0,1
no_pkce_rejected,113,1,1,1,1,1,0,0,1,1,1,1,1,1,0,0,0,0,1,0,0,0,0,1,0,1,0,0,1,0,2,1,0,1,0,1,1,0,1,2,no_pkce_rejected,0,0,1,0,0,0,0,1,0,0,0,0,1
no_pkce_rejected,114,1,1,1,1,1,0,0,1,1,1,1,1,1,0,0,0,0,1,0,0,0,0,1,0,1,0,0,1,0,2,1,0,1,0,1,1,0,1,2,no_pkce_rejected,0,0,1,0,0,0,0,1,0,0,0,0,1
no_pkce_rejected,115,1,1,1,1,1,0,0,1,1,1,1,1,1,0,0,0,0,1,0,0,0,0,1,0,1,0,0,1,0,2,1,0,1,0,1,1,0,1,2,no_pkce_rejected,0,0,1,0,0,0,0,1,0,0,0,0,1
no_pkce_rejected,116,1,1,1,1,1,0,0,1,1,1,1,1,1,0,0,0,0,1,0,0,0,0,1,0,1,0,0,1,0,2,1,0,1,0,1,1,0,1,2,no_pkce_rejected,0,0,1,0,0,0,0,1,0,0,0,0,1
no_pkce_rejected,117,1,1,1,1,1,0,0,1,1,1,1,1,1,0,0,0,0,1,0,0,0,0,1,0,1,0,0,1,0,2,1,0,1,0,1,1,0,1,2,no_pkce_rejected,0,0,1,0,0,0,0,1,0,0,0,0,1
no_pkce_rejected,118,1,1,1,1,1,0,0,1,1,1,1,1,1,0,0,0,0,1,0,0,0,0,1,0,1,0,0,1,0,2,1,0,1,0,1,1,0,1,2,no_pkce_rejected,0,0,1,0,0,0,0,1,0,0,0,0,1
no_pkce_rejected,119,1,1,1,1,1,0,0,1,1,1,1,1,1,0,0,0,0,1,0,0,0,0,1,0,1,0,0,1,0,2,1,0,1,0,1,1,0,1,2,no_pkce_rejected,0,0,1,0,0,0,0,1,0,0,0,0,1
no_pkce_rejected,12,1,1,1,1,1,0,0,1,1,1,1,1,1,0,0,0,0,1,0,0,0,0,1,0,1,0,0,1,0,2,1,0,1,0,1,1,0,1,2,no_pkce_rejected,0,0,1,0,0,0,0,1,0,0,0,0,1
no_pkce_rejected,120,1,1,1,1,1,0,0,1,1,1,1,1,1,0,0,0,0,1,0,0,0,0,1,0,1,0,0,1,0,2,1,0,1,0,1,1,0,1,2,no_pkce_rejected,0,0,1,0,0,0,0,1,0,0,0,0,1
no_pkce_rejected,121,1,1,1,1,1,0,0,1,1,1,1,1,1,0,0,0,0,1,0,0,0,0,1,0,1,0,0,1,0,2,1,0,1,0,1,1,0,1,2,no_pkce_rejected,0,0,1,0,0,0,0,1,0,0,0,0,1
no_pkce_rejected,122,1,1,1,1,1,0,0,1,1,1,1,1,1,0,0,0,0,1,0,0,0,0,1,0,1,0,0,1,0,2,1,0,1,0,1,1,0,1,2,no_pkce_rejected,0,0,1,0,0,0,0,1,0,0,0,0,1
no_pkce_rejected,123,1,1,1,1,1,0,0,1,1,1,1,1,1,0,0,0,0,1,0,0,0,0,1,0,1,0,0,1,0,2,1,0,1,0,1,1,0,1,2,no_pkce_rejected,0,0,1,0,0,0,0,1,0,0,0,0,1
no_pkce_rejected,124,1,1,1,1,1,0,0,1,1,1,1,1,1,0,0,0,0,1,0,0,0,0,1,0,1,0,0,1,0,2,1,0,1,0,1,1,0,1,2,no_pkce_rejected,0,0,1,0,0,0,0,1,0,0,0,0,1
no_pkce_rejected,125,1,1,1,1,1,0,0,1,1,1,1,1,1,0,0,0,0,1,0,0,0,0,1,0,1,0,0,1,0,2,1,0,1,0,1,1,0,1,2,no_pkce_rejected,0,0,1,0,0,0,0,1,0,0,0,0,1
no_pkce_rejected,13,1,1,1,1,1,0,0,1,1,1,1,1,1,0,0,0,0,1,0,0,0,0,1,0,1,0,0,1,0,2,1,0,1,0,1,1,0,1,2,no_pkce_rejected,0,0,1,0,0,0,0,1,0,0,0,0,1
no_pkce_rejected,14,1,1,1,1,1,0,0,1,1,1,1,1,1,0,0,0,0,1,0,0,0,0,1,0,1,0,0,1,0,2,1,0,1,0,1,1,0,1,2,no_pkce_rejected,0,0,1,0,0,0,0,1,0,0,0,0,1
no_pkce_rejected,15,1,1,1,1,1,0,0,1,1,1,1,1,1,0,0,0,0,1,0,0,0,0,1,0,1,0,0,1,0,2,1,0,1,0,1,1,0,1,2,no_pkce_rejected,0,0,1,0,0,0,0,1,0,0,0,0,1
no_pkce_rejected,16,1,1,1,1,1,0,0,1,1,1,1,1,1,0,0,0,0,1,0,0,0,0,1,0,1,0,0,1,0,2,1,0,1,0,1,1,0,1,2,no_pkce_rejected,0,0,1,0,0,0,0,1,0,0,0,0,1
no_pkce_rejected,17,1,1,1,1,1,0,0,1,1,1,1,1,1,0,0,0,0,1,0,0,0,0,1,0,1,0,0,1,0,2,1,0,1,0,1,1,0,1,2,no_pkce_rejected,0,0,1,0,0,0,0,1,0,0,0,0,1
no_pkce_rejected,18,1,1,1,1,1,0,0,1,1,1,1,1,1,0,0,0,0,1,0,0,0,0,1,0,1,0,0,1,0,2,1,0,1,0,1,1,0,1,2,no_pkce_rejected,0,0,1,0,0,0,0,1,0,0,0,0,1
no_pkce_rejected,19,1,1,1,1,1,0,0,1,1,1,1,1,1,0,0,0,0,1,0,0,0,0,1,0,1,0,0,1,0,2,1,0,1,0,1,1,0,1,2,no_pkce_rejected,0,0,1,0,0,0,0,1,0,0,0,0,1
no_pkce_rejected,2,1,1,1,1,1,0,0,1,1,1,1,1,1,0,0,0,0,1,0,0,0,0,1,0,1,0,0,1,0,2,1,0,1,0,1,1,0,1,2,no_pkce_rejected,0,0,1,0,0,0,0,1,0,0,0,0,1
no_pkce_rejected,20,1,1,1,1,1,0,0,1,1,1,1,1,1,0,0,0,0,1,0,0,0,0,1,0,1,0,0,1,0,2,1,0,1,0,1,1,0,1,2,no_pkce_rejected,0,0,1,0,0,0,0,1,0,0,0,0,1
no_pkce_rejected,21,1,1,1,1,1,0,0,1,1,1,1,1,1,0,0,0,0,1,0,0,0,0,1,0,1,0,0,1,0,2,1,0,1,0,1,1,0,1,2,no_pkce_rejected,0,0,1,0,0,0,0,1,0,0,0,0,1
no_pkce_rejected,22,1,1,1,1,1,0,0,1,1,1,1,1,1,0,0,0,0,1,0,0,0,0,1,0,1,0,0,1,0,2,1,0,1,0,1,1,0,1,2,no_pkce_rejected,0,0,1,0,0,0,0,1,0,0,0,0,1
no_pkce_rejected,23,1,1,1,1,1,0,0,1,1,1,1,1,1,0,0,0,0,1,0,0,0,0,1,0,1,0,0,1,0,2,1,0,1,0,1,1,0,1,2,no_pkce_rejected,0,0,1,0,0,0,0,1,0,0,0,0,1
no_pkce_rejected,24,1,1,1,1,1,0,0,1,1,1,1,1,1,0,0,0,0,1,0,0,0,0,1,0,1,0,0,1,0,2,1,0,1,0,1,1,0,1,2,no_pkce_rejected,0,0,1,0,0,0,0,1,0,0,0,0,1
no_pkce_rejected,25,1,1,1,1,1,0,0,1,1,1,1,1,1,0,0,0,0,1,0,0,0,0,1,0,1,0,0,1,0,2,1,0,1,0,1,1,0,1,2,no_pkce_rejected,0,0,1,0,0,0,0,1,0,0,0,0,1
no_pkce_rejected,26,1,1,1,1,1,0,0,1,1,1,1,1,1,0,0,0,0,1,0,0,0,0,1,0,1,0,0,1,0,2,1,0,1,0,1,1,0,1,2,no_pkce_rejected,0,0,1,0,0,0,0,1,0,0,0,0,1
no_pkce_rejected,27,1,1,1,1,1,0,0,1,1,1,1,1,1,0,0,0,0,1,0,0,0,0,1,0,1,0,0,1,0,2,1,0,1,0,1,1,0,1,2,no_pkce_rejected,0,0,1,0,0,0,0,1,0,0,0,0,1
no_pkce_rejected,28,1,1,1,1,1,0,0,1,1,1,1,1,1,0,0,0,0,1,0,0,0,0,1,0,1,0,0,1,0,2,1,0,1,0,1,1,0,1,2,no_pkce_rejected,0,0,1,0,0,0,0,1,0,0,0,0,1
no_pkce_rejected,29,1,1,1,1,1,0,0,1,1,1,1,1,1,0,0,0,0,1,0,0,0,0,1,0,1,0,0,1,0,2,1,0,1,0,1,1,0,1,2,no_pkce_rejected,0,0,1,0,0,0,0,1,0,0,0,0,1
no_pkce_rejected,3,1,1,1,1,1,0,0,1,1,1,1,1,1,0,0,0,0,1,0,0,0,0,1,0,1,0,0,1,0,2,1,0,1,0,1,1,0,1,2,no_pkce_rejected,0,0,1,0,0,0,0,1,0,0,0,0,1
no_pkce_rejected,30,1,1,1,1,1,0,0,1,1,1,1,1,1,0,0,0,0,1,0,0,0,0,1,0,1,0,0,1,0,2,1,0,1,0,1,1,0,1,2,no_pkce_rejected,0,0,1,0,0,0,0,1,0,0,0,0,1
no_pkce_rejected,31,1,1,1,1,1,0,0,1,1,1,1,1,1,0,0,0,0,1,0,0,0,0,1,0,1,0,0,1,0,2,1,0,1,0,1,1,0,1,2,no_pkce_rejected,0,0,1,0,0,0,0,1,0,0,0,0,1
no_pkce_rejected,32,1,1,1,1,1,0,0,1,1,1,1,1,1,0,0,0,0,1,0,0,0,0,1,0,1,0,0,1,0,2,1,0,1,0,1,1,0,1,2,no_pkce_rejected,0,0,1,0,0,0,0,1,0,0,0,0,1
no_pkce_rejected,33,1,1,1,1,1,0,0,1,1,1,1,1,1,0,0,0,0,1,0,0,0,0,1,0,1,0,0,1,0,2,1,0,1,0,1,1,0,1,2,no_pkce_rejected,0,0,1,0,0,0,0,1,0,0,0,0,1
no_pkce_rejected,34,1,1,1,1,1,0,0,1,1,1,1,1,1,0,0,0,0,1,0,0,0,0,1,0,1,0,0,1,0,2,1,0,1,0,1,1,0,1,2,no_pkce_rejected,0,0,1,0,0,0,0,1,0,0,0,0,1
no_pkce_rejected,35,1,1,1,1,1,0,0,1,1,1,1,1,1,0,0,0,0,1,0,0,0,0,1,0,1,0,0,1,0,2,1,0,1,0,1,1,0,1,2,no_pkce_rejected,0,0,1,0,0,0,0,1,0,0,0,0,1
no_pkce_rejected,36,1,1,1,1,1,0,0,1,1,1,1,1,1,0,0,0,0,1,0,0,0,0,1,0,1,0,0,1,0,2,1,0,1,0,1,1,0,1,2,no_pkce_rejected,0,0,1,0,0,0,0,1,0,0,0,0,1
no_pkce_rejected,37,1,1,1,1,1,0,0,1,1,1,1,1,1,0,0,0,0,1,0,0,0,0,1,0,1,0,0,1,0,2,1,0,1,0,1,1,0,1,2,no_pkce_rejected,0,0,1,0,0,0,0,1,0,0,0,0,1
no_pkce_rejected,38,1,1,1,1,1,0,0,1,1,1,1,1,1,0,0,0,0,1,0,0,0,0,1,0,1,0,0,1,0,2,1,0,1,0,1,1,0,1,2,no_pkce_rejected,0,0,1,0,0,0,0,1,0,0,0,0,1
no_pkce_rejected,39,1,1,1,1,1,0,0,1,1,1,1,1,1,0,0,0,0,1,0,0,0,0,1,0,1,0,0,1,0,2,1,0,1,0,1,1,0,1,2,no_pkce_rejected,0,0,1,0,0,0,0,1,0,0,0,0,1
no_pkce_rejected,4,1,1,1,1,1,0,0,1,1,1,1,1,1,0,0,0,0,1,0,0,0,0,1,0,1,0,0,1,0,2,1,0,1,0,1,1,0,1,2,no_pkce_rejected,0,0,1,0,0,0,0,1,0,0,0,0,1
no_pkce_rejected,40,1,1,1,1,1,0,0,1,1,1,1,1,1,0,0,0,0,1,0,0,0,0,1,0,1,0,0,1,0,2,1,0,1,0,1,1,0,1,2,no_pkce_rejected,0,0,1,0,0,0,0,1,0,0,0,0,1
no_pkce_rejected,41,1,1,1,1,1,0,0,1,1,1,1,1,1,0,0,0,0,1,0,0,0,0,1,0,1,0,0,1,0,2,1,0,1,0,1,1,0,1,2,no_pkce_rejected,0,0,1,0,0,0,0,1,0,0,0,0,1
no_pkce_rejected,42,1,1,1,1,1,0,0,1,1,1,1,1,1,0,0,0,0,1,0,0,0,0,1,0,1,0,0,1,0,2,1,0,1,0,1,1,0,1,2,no_pkce_rejected,0,0,1,0,0,0,0,1,0,0,0,0,1
no_pkce_rejected,43,1,1,1,1,1,0,0,1,1,1,1,1,1,0,0,0,0,1,0,0,0,0,1,0,1,0,0,1,0,2,1,0,1,0,1,1,0,1,2,no_pkce_rejected,0,0,1,0,0,0,0,1,0,0,0,0,1
no_pkce_rejected,44,1,1,1,1,1,0,0,1,1,1,1,1,1,0,0,0,0,1,0,0,0,0,1,0,1,0,0,1,0,2,1,0,1,0,1,1,0,1,2,no_pkce_rejected,0,0,1,0,0,0,0,1,0,0,0,0,1
no_pkce_rejected,45,1,1,1,1,1,0,0,1,1,1,1,1,1,0,0,0,0,1,0,0,0,0,1,0,1,0,0,1,0,2,1,0,1,0,1,1,0,1,2,no_pkce_rejected,0,0,1,0,0,0,0,1,0,0,0,0,1
no_pkce_rejected,46,1,1,1,1,1,0,0,1,1,1,1,1,1,0,0,0,0,1,0,0,0,0,1,0,1,0,0,1,0,2,1,0,1,0,1,1,0,1,2,no_pkce_rejected,0,0,1,0,0,0,0,1,0,0,0,0,1
no_pkce_rejected,47,1,1,1,1,1,0,0,1,1,1,1,1,1,0,0,0,0,1,0,0,0,0,1,0,1,0,0,1,0,2,1,0,1,0,1,1,0,1,2,no_pkce_rejected,0,0,1,0,0,0,0,1,0,0,0,0,1
no_pkce_rejected,48,1,1,1,1,1,0,0,1,1,1,1,1,1,0,0,0,0,1,0,0,0,0,1,0,1,0,0,1,0,2,1,0,1,0,1,1,0,1,2,no_pkce_rejected,0,0,1,0,0,0,0,1,0,0,0,0,1
no_pkce_rejected,49,1,1,1,1,1,0,0,1,1,1,1,1,1,0,0,0,0,1,0,0,0,0,1,0,1,0,0,1,0,2,1,0,1,0,1,1,0,1,2,no_pkce_rejected,0,0,1,0,0,0,0,1,0,0,0,0,1
no_pkce_rejected,5,1,1,1,1,1,0,0,1,1,1,1,1,1,0,0,0,0,1,0,0,0,0,1,0,1,0,0,1,0,2,1,0,1,0,1,1,0,1,2,no_pkce_rejected,0,0,1,0,0,0,0,1,0,0,0,0,1
no_pkce_rejected,50,1,1,1,1,1,0,0,1,1,1,1,1,1,0,0,0,0,1,0,0,0,0,1,0,1,0,0,1,0,2,1,0,1,0,1,1,0,1,2,no_pkce_rejected,0,0,1,0,0,0,0,1,0,0,0,0,1
no_pkce_rejected,51,1,1,1,1,1,0,0,1,1,1,1,1,1,0,0,0,0,1,0,0,0,0,1,0,1,0,0,1,0,2,1,0,1,0,1,1,0,1,2,no_pkce_rejected,0,0,1,0,0,0,0,1,0,0,0,0,1
no_pkce_rejected,52,1,1,1,1,1,0,0,1,1,1,1,1,1,0,0,0,0,1,0,0,0,0,1,0,1,0,0,1,0,2,1,0,1,0,1,1,0,1,2,no_pkce_rejected,0,0,1,0,0,0,0,1,0,0,0,0,1
no_pkce_rejected,53,1,1,1,1,1,0,0,1,1,1,1,1,1,0,0,0,0,1,0,0,0,0,1,0,1,0,0,1,0,2,1,0,1,0,1,1,0,1,2,no_pkce_rejected,0,0,1,0,0,0,0,1,0,0,0,0,1
no_pkce_rejected,54,1,1,1,1,1,0,0,1,1,1,1,1,1,0,0,0,0,1,0,0,0,0,1,0,1,0,0,1,0,2,1,0,1,0,1,1,0,1,2,no_pkce_rejected,0,0,1,0,0,0,0,1,0,0,0,0,1
no_pkce_rejected,55,1,1,1,1,1,0,0,1,1,1,1,1,1,0,0,0,0,1,0,0,0,0,1,0,1,0,0,1,0,2,1,0,1,0,1,1,0,1,2,no_pkce_rejected,0,0,1,0,0,0,0,1,0,0,0,0,1
no_pkce_rejected,56,1,1,1,1,1,0,0,1,1,1,1,1,1,0,0,0,0,1,0,0,0,0,1,0,1,0,0,1,0,2,1,0,1,0,1,1,0,1,2,no_pkce_rejected,0,0,1,0,0,0,0,1,0,0,0,0,1
no_pkce_rejected,57,1,1,1,1,1,0,0,1,1,1,1,1,1,0,0,0,0,1,0,0,0,0,1,0,1,0,0,1,0,2,1,0,1,0,1,1,0,1,2,no_pkce_rejected,0,0,1,0,0,0,0,1,0,0,0,0,1
no_pkce_rejected,58,1,1,1,1,1,0,0,1,1,1,1,1,1,0,0,0,0,1,0,0,0,0,1,0,1,0,0,1,0,2,1,0,1,0,1,1,0,1,2,no_pkce_rejected,0,0,1,0,0,0,0,1,0,0,0,0,1
no_pkce_rejected,59,1,1,1,1,1,0,0,1,1,1,1,1,1,0,0,0,0,1,0,0,0,0,1,0,1,0,0,1,0,2,1,0,1,0,1,1,0,1,2,no_pkce_rejected,0,0,1,0,0,0,0,1,0,0,0,0,1
no_pkce_rejected,6,1,1,1,1,1,0,0,1,1,1,1,1,1,0,0,0,0,1,0,0,0,0,1,0,1,0,0,1,0,2,1,0,1,0,1,1,0,1,2,no_pkce_rejected,0,0,1,0,0,0,0,1,0,0,0,0,1
no_pkce_rejected,60,1,1,1,1,1,0,0,1,1,1,1,1,1,0,0,0,0,1,0,0,0,0,1,0,1,0,0,1,0,2,1,0,1,0,1,1,0,1,2,no_pkce_rejected,0,0,1,0,0,0,0,1,0,0,0,0,1
no_pkce_rejected,61,1,1,1,1,1,0,0,1,1,1,1,1,1,0,0,0,0,1,0,0,0,0,1,0,1,0,0,1,0,2,1,0,1,0,1,1,0,1,2,no_pkce_rejected,0,0,1,0,0,0,0,1,0,0,0,0,1
no_pkce_rejected,62,1,1,1,1,1,0,0,1,1,1,1,1,1,0,0,0,0,1,0,0,0,0,1,0,1,0,0,1,0,2,1,0,1,0,1,1,0,1,2,no_pkce_rejected,0,0,1,0,0,0,0,1,0,0,0,0,1
no_pkce_rejected,63,1,1,1,1,1,0,0,1,1,1,1,1,1,0,0,0,0,1,0,0,0,0,1,0,1,0,0,1,0,2,1,0,1,0,1,1,0,1,2,no_pkce_rejected,0,0,1,0,0,0,0,1,0,0,0,0,1
no_pkce_rejected,64,1,1,1,1,1,0,0,1,1,1,1,1,1,0,0,0,0,1,0,0,0,0,1,0,1,0,0,1,0,2,1,0,1,0,1,1,0,1,2,no_pkce_rejected,0,0,1,0,0,0,0,1,0,0,0,0,1
no_pkce_rejected,65,1,1,1,1,1,0,0,1,1,1,1,1,1,0,0,0,0,1,0,0,0,0,1,0,1,0,0,1,0,2,1,0,1,0,1,1,0,1,2,no_pkce_rejected,0,0,1,0,0,0,0,1,0,0,0,0,1
no_pkce_rejected,66,1,1,1,1,1,0,0,1,1,1,1,1,1,0,0,0,0,1,0,0,0,0,1,0,1,0,0,1,0,2,1,0,1,0,1,1,0,1,2,no_pkce_rejected,0,0,1,0,0,0,0,1,0,0,0,0,1
no_pkce_rejected,67,1,1,1,1,1,0,0,1,1,1,1,1,1,0,0,0,0,1,0,0,0,0,1,0,1,0,0,1,0,2,1,0,1,0,1,1,0,1,2,no_pkce_rejected,0,0,1,0,0,0,0,1,0,0,0,0,1
no_pkce_rejected,68,1,1,1,1,1,0,0,1,1,1,1,1,1,0,0,0,0,1,0,0,0,0,1,0,1,0,0,1,0,2,1,0,1,0,1,1,0,1,2,no_pkce_rejected,0,0,1,0,0,0,0,1,0,0,0,0,1
no_pkce_rejected,69,1,1,1,1,1,0,0,1,1,1,1,1,1,0,0,0,0,1,0,0,0,0,1,0,1,0,0,1,0,2,1,0,1,0,1,1,0,1,2,no_pkce_rejected,0,0,1,0,0,0,0,1,0,0,0,0,1
no_pkce_rejected,7,1,1,1,1,1,0,0,1,1,1,1,1,1,0,0,0,0,1,0,0,0,0,1,0,1,0,0,1,0,2,1,0,1,0,1,1,0,1,2,no_pkce_rejected,0,0,1,0,0,0,0,1,0,0,0,0,1
no_pkce_rejected,70,1,1,1,1,1,0,0,1,1,1,1,1,1,0,0,0,0,1,0,0,0,0,1,0,1,0,0,1,0,2,1,0,1,0,1,1,0,1,2,no_pkce_rejected,0,0,1,0,0,0,0,1,0,0,0,0,1
no_pkce_rejected,71,1,1,1,1,1,0,0,1,1,1,1,1,1,0,0,0,0,1,0,0,0,0,1,0,1,0,0,1,0,2,1,0,1,0,1,1,0,1,2,no_pkce_rejected,0,0,1,0,0,0,0,1,0,0,0,0,1
no_pkce_rejected,72,1,1,1,1,1,0,0,1,1,1,1,1,1,0,0,0,0,1,0,0,0,0,1,0,1,0,0,1,0,2,1,0,1,0,1,1,0,1,2,no_pkce_rejected,0,0,1,0,0,0,0,1,0,0,0,0,1
no_pkce_rejected,73,1,1,1,1,1,0,0,1,1,1,1,1,1,0,0,0,0,1,0,0,0,0,1,0,1,0,0,1,0,2,1,0,1,0,1,1,0,1,2,no_pkce_rejected,0,0,1,0,0,0,0,1,0,0,0,0,1
no_pkce_rejected,74,1,1,1,1,1,0,0,1,1,1,1,1,1,0,0,0,0,1,0,0,0,0,1,0,1,0,0,1,0,2,1,0,1,0,1,1,0,1,2,no_pkce_rejected,0,0,1,0,0,0,0,1,0,0,0,0,1
no_pkce_rejected,75,1,1,1,1,1,0,0,1,1,1,1,1,1,0,0,0,0,1,0,0,0,0,1,0,1,0,0,1,0,2,1,0,1,0,1,1,0,1,2,no_pkce_rejected,0,0,1,0,0,0,0,1,0,0,0,0,1
no_pkce_rejected,76,1,1,1,1,1,0,0,1,1,1,1,1,1,0,0,0,0,1,0,0,0,0,1,0,1,0,0,1,0,2,1,0,1,0,1,1,0,1,2,no_pkce_rejected,0,0,1,0,0,0,0,1,0,0,0,0,1
no_pkce_rejected,77,1,1,1,1,1,0,0,1,1,1,1,1,1,0,0,0,0,1,0,0,0,0,1,0,1,0,0,1,0,2,1,0,1,0,1,1,0,1,2,no_pkce_rejected,0,0,1,0,0,0,0,1,0,0,0,0,1
no_pkce_rejected,78,1,1,1,1,1,0,0,1,1,1,1,1,1,0,0,0,0,1,0,0,0,0,1,0,1,0,0,1,0,2,1,0,1,0,1,1,0,1,2,no_pkce_rejected,0,0,1,0,0,0,0,1,0,0,0,0,1
no_pkce_rejected,79,1,1,1,1,1,0,0,1,1,1,1,1,1,0,0,0,0,1,0,0,0,0,1,0,1,0,0,1,0,2,1,0,1,0,1,1,0,1,2,no_pkce_rejected,0,0,1,0,0,0,0,1,0,0,0,0,1
no_pkce_rejected,8,1,1,1,1,1,0,0,1,1,1,1,1,1,0,0,0,0,1,0,0,0,0,1,0,1,0,0,1,0,2,1,0,1,0,1,1,0,1,2,no_pkce_rejected,0,0,1,0,0,0,0,1,0,0,0,0,1
no_pkce_rejected,80,1,1,1,1,1,0,0,1,1,1,1,1,1,0,0,0,0,1,0,0,0,0,1,0,1,0,0,1,0,2,1,0,1,0,1,1,0,1,2,no_pkce_rejected,0,0,1,0,0,0,0,1,0,0,0,0,1
no_pkce_rejected,81,1,1,1,1,1,0,0,1,1,1,1,1,1,0,0,0,0,1,0,0,0,0,1,0,1,0,0,1,0,2,1,0,1,0,1,1,0,1,2,no_pkce_rejected,0,0,1,0,0,0,0,1,0,0,0,0,1
no_pkce_rejected,82,1,1,1,1,1,0,0,1,1,1,1,1,1,0,0,0,0,1,0,0,0,0,1,0,1,0,0,1,0,2,1,0,1,0,1,1,0,1,2,no_pkce_rejected,0,0,1,0,0,0,0,1,0,0,0,0,1
no_pkce_rejected,83,1,1,1,1,1,0,0,1,1,1,1,1,1,0,0,0,0,1,0,0,0,0,1,0,1,0,0,1,0,2,1,0,1,0,1,1,0,1,2,no_pkce_rejected,0,0,1,0,0,0,0,1,0,0,0,0,1
no_pkce_rejected,84,1,1,1,1,1,0,0,1,1,1,1,1,1,0,0,0,0,1,0,0,0,0,1,0,1,0,0,1,0,2,1,0,1,0,1,1,0,1,2,no_pkce_rejected,0,0,1,0,0,0,0,1,0,0,0,0,1
no_pkce_rejected,85,1,1,1,1,1,0,0,1,1,1,1,1,1,0,0,0,0,1,0,0,0,0,1,0,1,0,0,1,0,2,1,0,1,0,1,1,0,1,2,no_pkce_rejected,0,0,1,0,0,0,0,1,0,0,0,0,1
no_pkce_rejected,86,1,1,1,1,1,0,0,1,1,1,1,1,1,0,0,0,0,1,0,0,0,0,1,0,1,0,0,1,0,2,1,0,1,0,1,1,0,1,2,no_pkce_rejected,0,0,1,0,0,0,0,1,0,0,0,0,1
no_pkce_rejected,87,1,1,1,1,1,0,0,1,1,1,1,1,1,0,0,0,0,1,0,0,0,0,1,0,1,0,0,1,0,2,1,0,1,0,1,1,0,1,2,no_pkce_rejected,0,0,1,0,0,0,0,1,0,0,0,0,1
no_pkce_rejected,88,1,1,1,1,1,0,0,1,1,1,1,1,1,0,0,0,0,1,0,0,0,0,1,0,1,0,0,1,0,2,1,0,1,0,1,1,0,1,2,no_pkce_rejected,0,0,1,0,0,0,0,1,0,0,0,0,1
no_pkce_rejected,89,1,1,1,1,1,0,0,1,1,1,1,1,1,0,0,0,0,1,0,0,0,0,1,0,1,0,0,1,0,2,1,0,1,0,1,1,0,1,2,no_pkce_rejected,0,0,1,0,0,0,0,1,0,0,0,0,1
no_pkce_rejected,9,1,1,1,1,1,0,0,1,1,1,1,1,1,0,0,0,0,1,0,0,0,0,1,0,1,0,0,1,0,2,1,0,1,0,1,1,0,1,2,no_pkce_rejected,0,0,1,0,0,0,0,1,0,0,0,0,1
no_pkce_rejected,90,1,1,1,1,1,0,0,1,1,1,1,1,1,0,0,0,0,1,0,0,0,0,1,0,1,0,0,1,0,2,1,0,1,0,1,1,0,1,2,no_pkce_rejected,0,0,1,0,0,0,0,1,0,0,0,0,1
no_pkce_rejected,91,1,1,1,1,1,0,0,1,1,1,1,1,1,0,0,0,0,1,0,0,0,0,1,0,1,0,0,1,0,2,1,0,1,0,1,1,0,1,2,no_pkce_rejected,0,0,1,0,0,0,0,1,0,0,0,0,1
no_pkce_rejected,92,1,1,1,1,1,0,0,1,1,1,1,1,1,0,0,0,0,1,0,0,0,0,1,0,1,0,0,1,0,2,1,0,1,0,1,1,0,1,2,no_pkce_rejected,0,0,1,0,0,0,0,1,0,0,0,0,1
no_pkce_rejected,93,1,1,1,1,1,0,0,1,1,1,1,1,1,0,0,0,0,1,0,0,0,0,1,0,1,0,0,1,0,2,1,0,1,0,1,1,0,1,2,no_pkce_rejected,0,0,1,0,0,0,0,1,0,0,0,0,1
no_pkce_rejected,94,1,1,1,1,1,0,0,1,1,1,1,1,1,0,0,0,0,1,0,0,0,0,1,0,1,0,0,1,0,2,1,0,1,0,1,1,0,1,2,no_pkce_rejected,0,0,1,0,0,0,0,1,0,0,0,0,1
no_pkce_rejected,95,1,1,1,1,1,0,0,1,1,1,1,1,1,0,0,0,0,1,0,0,0,0,1,0,1,0,0,1,0,2,1,0,1,0,1,1,0,1,2,no_pkce_rejected,0,0,1,0,0,0,0,1,0,0,0,0,1
no_pkce_rejected,96,1,1,1,1,1,0,0,1,1,1,1,1,1,0,0,0,0,1,0,0,0,0,1,0,1,0,0,1,0,2,1,0,1,0,1,1,0,1,2,no_pkce_rejected,0,0,1,0,0,0,0,1,0,0,0,0,1
no_pkce_rejected,97,1,1,1,1,1,0,0,1,1,1,1,1,1,0,0,0,0,1,0,0,0,0,1,0,1,0,0,1,0,2,1,0,1,0,1,1,0,1,2,no_pkce_rejected,0,0,1,0,0,0,0,1,0,0,0,0,1
no_pkce_rejected,98,1,1,1,1,1,0,0,1,1,1,1,1,1,0,0,0,0,1,0,0,0,0,1,0,1,0,0,1,0,2,1,0,1,0,1,1,0,1,2,no_pkce_rejected,0,0,1,0,0,0,0,1,0,0,0,0,1
no_pkce_rejected,99,1,1,1,1,1,0,0,1,1,1,1,1,1,0,0,0,0,1,0,0,0,0,1,0,1,0,0,1,0,2,1,0,1,0,1,1,0,1,2,no_pkce_rejected,0,0,1,0,0,0,0,1,0,0,0,0,1
normal,1,1,1,1,1,1,1,2,1,1,1,1,1,1,0,0,0,0,1,0,0,0,0,1,0,1,0,0,1,0,2,1,0,1,1,1,1,0,1,0,normal,0,0,0,0,0,0,0,0,0,0,0,0,1
normal,10,1,1,1,1,1,1,2,1,1,1,1,1,1,0,0,0,0,1,0,0,0,0,1,0,1,0,0,1,0,2,1,0,1,1,1,1,0,1,0,normal,0,0,0,0,0,0,0,0,0,0,0,0,1
normal,100,1,1,1,1,1,1,2,1,1,1,1,1,1,0,0,0,0,1,0,0,0,0,1,0,1,0,0,1,0,2,1,0,1,1,1,1,0,1,0,normal,0,0,0,0,0,0,0,0,0,0,0,0,1
normal,101,1,1,1,1,1,1,2,1,1,1,1,1,1,0,0,0,0,1,0,0,0,0,1,0,1,0,0,1,0,2,1,0,1,1,1,1,0,1,0,normal,0,0,0,0,0,0,0,0,0,0,0,0,1
normal,102,1,1,1,1,1,1,2,1,1,1,1,1,1,0,0,0,0,1,0,0,0,0,1,0,1,0,0,1,0,2,1,0,1,1,1,1,0,1,0,normal,0,0,0,0,0,0,0,0,0,0,0,0,1
normal,103,1,1,1,1,1,1,2,1,1,1,1,1,1,0,0,0,0,1,0,0,0,0,1,0,1,0,0,1,0,2,1,0,1,1,1,1,0,1,0,normal,0,0,0,0,0,0,0,0,0,0,0,0,1
normal,104,1,1,1,1,1,1,2,1,1,1,1,1,1,0,0,0,0,1,0,0,0,0,1,0,1,0,0,1,0,2,1,0,1,1,1,1,0,1,0,normal,0,0,0,0,0,0,0,0,0,0,0,0,1
normal,105,1,1,1,1,1,1,2,1,1,1,1,1,1,0,0,0,0,1,0,0,0,0,1,0,1,0,0,1,0,2,1,0,1,1,1,1,0,1,0,normal,0,0,0,0,0,0,0,0,0,0,0,0,1
normal,106,1,1,1,1,1,1,2,1,1,1,1,1,1,0,0,0,0,1,0,0,0,0,1,0,1,0,0,1,0,2,1,0,1,1,1,1,0,1,0,normal,0,0,0,0,0,0,0,0,0,0,0,0,1
normal,107,1,1,1,1,1,1,2,1,1,1,1,1,1,0,0,0,0,1,0,0,0,0,1,0,1,0,0,1,0,2,1,0,1,1,1,1,0,1,0,normal,0,0,0,0,0,0,0,0,0,0,0,0,1
normal,108,1,1,1,1,1,1,2,1,1,1,1,1,1,0,0,0,0,1,0,0,0,0,1,0,1,0,0,1,0,2,1,0,1,1,1,1,0,1,0,normal,0,0,0,0,0,0,0,0,0,0,0,0,1
normal,109,1,1,1,1,1,1,2,1,1,1,1,1,1,0,0,0,0,1,0,0,0,0,1,0,1,0,0,1,0,2,1,0,1,1,1,1,0,1,0,normal,0,0,0,0,0,0,0,0,0,0,0,0,1
normal,11,1,1,1,1,1,1,2,1,1,1,1,1,1,0,0,0,0,1,0,0,0,0,1,0,1,0,0,1,0,2,1,0,1,1,1,1,0,1,0,normal,0,0,0,0,0,0,0,0,0,0,0,0,1
normal,110,1,1,1,1,1,1,2,1,1,1,1,1,1,0,0,0,0,1,0,0,0,0,1,0,1,0,0,1,0,2,1,0,1,1,1,1,0,1,0,normal,0,0,0,0,0,0,0,0,0,0,0,0,1
normal,111,1,1,1,1,1,1,2,1,1,1,1,1,1,0,0,0,0,1,0,0,0,0,1,0,1,0,0,1,0,2,1,0,1,1,1,1,0,1,0,normal,0,0,0,0,0,0,0,0,0,0,0,0,1
normal,112,1,1,1,1,1,1,2,1,1,1,1,1,1,0,0,0,0,1,0,0,0,0,1,0,1,0,0,1,0,2,1,0,1,1,1,1,0,1,0,normal,0,0,0,0,0,0,0,0,0,0,0,0,1
normal,113,1,1,1,1,1,1,2,1,1,1,1,1,1,0,0,0,0,1,0,0,0,0,1,0,1,0,0,1,0,2,1,0,1,1,1,1,0,1,0,normal,0,0,0,0,0,0,0,0,0,0,0,0,1
normal,114,1,1,1,1,1,1,2,1,1,1,1,1,1,0,0,0,0,1,0,0,0,0,1,0,1,0,0,1,0,2,1,0,1,1,1,1,0,1,0,normal,0,0,0,0,0,0,0,0,0,0,0,0,1
normal,115,1,1,1,1,1,1,2,1,1,1,1,1,1,0,0,0,0,1,0,0,0,0,1,0,1,0,0,1,0,2,1,0,1,1,1,1,0,1,0,normal,0,0,0,0,0,0,0,0,0,0,0,0,1
normal,116,1,1,1,1,1,1,2,1,1,1,1,1,1,0,0,0,0,1,0,0,0,0,1,0,1,0,0,1,0,2,1,0,1,1,1,1,0,1,0,normal,0,0,0,0,0,0,0,0,0,0,0,0,1
normal,117,1,1,1,1,1,1,2,1,1,1,1,1,1,0,0,0,0,1,0,0,0,0,1,0,1,0,0,1,0,2,1,0,1,1,1,1,0,1,0,normal,0,0,0,0,0,0,0,0,0,0,0,0,1
normal,118,1,1,1,1,1,1,2,1,1,1,1,1,1,0,0,0,0,1,0,0,0,0,1,0,1,0,0,1,0,2,1,0,1,1,1,1,0,1,0,normal,0,0,0,0,0,0,0,0,0,0,0,0,1
normal,119,1,1,1,1,1,1,2,1,1,1,1,1,1,0,0,0,0,1,0,0,0,0,1,0,1,0,0,1,0,2,1,0,1,1,1,1,0,1,0,normal,0,0,0,0,0,0,0,0,0,0,0,0,1
normal,12,1,1,1,1,1,1,2,1,1,1,1,1,1,0,0,0,0,1,0,0,0,0,1,0,1,0,0,1,0,2,1,0,1,1,1,1,0,1,0,normal,0,0,0,0,0,0,0,0,0,0,0,0,1
normal,120,1,1,1,1,1,1,2,1,1,1,1,1,1,0,0,0,0,1,0,0,0,0,1,0,1,0,0,1,0,2,1,0,1,1,1,1,0,1,0,normal,0,0,0,0,0,0,0,0,0,0,0,0,1
normal,121,1,1,1,1,1,1,2,1,1,1,1,1,1,0,0,0,0,1,0,0,0,0,1,0,1,0,0,1,0,2,1,0,1,1,1,1,0,1,0,normal,0,0,0,0,0,0,0,0,0,0,0,0,1
normal,122,1,1,1,1,1,1,2,1,1,1,1,1,1,0,0,0,0,1,0,0,0,0,1,0,1,0,0,1,0,2,1,0,1,1,1,1,0,1,0,normal,0,0,0,0,0,0,0,0,0,0,0,0,1
normal,123,1,1,1,1,1,1,2,1,1,1,1,1,1,0,0,0,0,1,0,0,0,0,1,0,1,0,0,1,0,2,1,0,1,1,1,1,0,1,0,normal,0,0,0,0,0,0,0,0,0,0,0,0,1
normal,124,1,1,1,1,1,1,2,1,1,1,1,1,1,0,0,0,0,1,0,0,0,0,1,0,1,0,0,1,0,2,1,0,1,1,1,1,0,1,0,normal,0,0,0,0,0,0,0,0,0,0,0,0,1
normal,125,1,1,1,1,1,1,2,1,1,1,1,1,1,0,0,0,0,1,0,0,0,0,1,0,1,0,0,1,0,2,1,0,1,1,1,1,0,1,0,normal,0,0,0,0,0,0,0,0,0,0,0,0,1
normal,13,1,1,1,1,1,1,2,1,1,1,1,1,1,0,0,0,0,1,0,0,0,0,1,0,1,0,0,1,0,2,1,0,1,1,1,1,0,1,0,normal,0,0,0,0,0,0,0,0,0,0,0,0,1
normal,14,1,1,1,1,1,1,2,1,1,1,1,1,1,0,0,0,0,1,0,0,0,0,1,0,1,0,0,1,0,2,1,0,1,1,1,1,0,1,0,normal,0,0,0,0,0,0,0,0,0,0,0,0,1
normal,15,1,1,1,1,1,1,2,1,1,1,1,1,1,0,0,0,0,1,0,0,0,0,1,0,1,0,0,1,0,2,1,0,1,1,1,1,0,1,0,normal,0,0,0,0,0,0,0,0,0,0,0,0,1
normal,16,1,1,1,1,1,1,2,1,1,1,1,1,1,0,0,0,0,1,0,0,0,0,1,0,1,0,0,1,0,2,1,0,1,1,1,1,0,1,0,normal,0,0,0,0,0,0,0,0,0,0,0,0,1
normal,17,1,1,1,1,1,1,2,1,1,1,1,1,1,0,0,0,0,1,0,0,0,0,1,0,1,0,0,1,0,2,1,0,1,1,1,1,0,1,0,normal,0,0,0,0,0,0,0,0,0,0,0,0,1
normal,18,1,1,1,1,1,1,2,1,1,1,1,1,1,0,0,0,0,1,0,0,0,0,1,0,1,0,0,1,0,2,1,0,1,1,1,1,0,1,0,normal,0,0,0,0,0,0,0,0,0,0,0,0,1
normal,19,1,1,1,1,1,1,2,1,1,1,1,1,1,0,0,0,0,1,0,0,0,0,1,0,1,0,0,1,0,2,1,0,1,1,1,1,0,1,0,normal,0,0,0,0,0,0,0,0,0,0,0,0,1
normal,2,1,1,1,1,1,1,2,1,1,1,1,1,1,0,0,0,0,1,0,0,0,0,1,0,1,0,0,1,0,2,1,0,1,1,1,1,0,1,0,normal,0,0,0,0,0,0,0,0,0,0,0,0,1
normal,20,1,1,1,1,1,1,2,1,1,1,1,1,1,0,0,0,0,1,0,0,0,0,1,0,1,0,0,1,0,2,1,0,1,1,1,1,0,1,0,normal,0,0,0,0,0,0,0,0,0,0,0,0,1
normal,21,1,1,1,1,1,1,2,1,1,1,1,1,1,0,0,0,0,1,0,0,0,0,1,0,1,0,0,1,0,2,1,0,1,1,1,1,0,1,0,normal,0,0,0,0,0,0,0,0,0,0,0,0,1
normal,22,1,1,1,1,1,1,2,1,1,1,1,1,1,0,0,0,0,1,0,0,0,0,1,0,1,0,0,1,0,2,1,0,1,1,1,1,0,1,0,normal,0,0,0,0,0,0,0,0,0,0,0,0,1
normal,23,1,1,1,1,1,1,2,1,1,1,1,1,1,0,0,0,0,1,0,0,0,0,1,0,1,0,0,1,0,2,1,0,1,1,1,1,0,1,0,normal,0,0,0,0,0,0,0,0,0,0,0,0,1
normal,24,1,1,1,1,1,1,2,1,1,1,1,1,1,0,0,0,0,1,0,0,0,0,1,0,1,0,0,1,0,2,1,0,1,1,1,1,0,1,0,normal,0,0,0,0,0,0,0,0,0,0,0,0,1
normal,25,1,1,1,1,1,1,2,1,1,1,1,1,1,0,0,0,0,1,0,0,0,0,1,0,1,0,0,1,0,2,1,0,1,1,1,1,0,1,0,normal,0,0,0,0,0,0,0,0,0,0,0,0,1
normal,26,1,1,1,1,1,1,2,1,1,1,1,1,1,0,0,0,0,1,0,0,0,0,1,0,1,0,0,1,0,2,1,0,1,1,1,1,0,1,0,normal,0,0,0,0,0,0,0,0,0,0,0,0,1
normal,27,1,1,1,1,1,1,2,1,1,1,1,1,1,0,0,0,0,1,0,0,0,0,1,0,1,0,0,1,0,2,1,0,1,1,1,1,0,1,0,normal,0,0,0,0,0,0,0,0,0,0,0,0,1
normal,28,1,1,1,1,1,1,2,1,1,1,1,1,1,0,0,0,0,1,0,0,0,0,1,0,1,0,0,1,0,2,1,0,1,1,1,1,0,1,0,normal,0,0,0,0,0,0,0,0,0,0,0,0,1
normal,29,1,1,1,1,1,1,2,1,1,1,1,1,1,0,0,0,0,1,0,0,0,0,1,0,1,0,0,1,0,2,1,0,1,1,1,1,0,1,0,normal,0,0,0,0,0,0,0,0,0,0,0,0,1
normal,3,1,1,1,1,1,1,2,1,1,1,1,1,1,0,0,0,0,1,0,0,0,0,1,0,1,0,0,1,0,2,1,0,1,1,1,1,0,1,0,normal,0,0,0,0,0,0,0,0,0,0,0,0,1
normal,30,1,1,1,1,1,1,2,1,1,1,1,1,1,0,0,0,0,1,0,0,0,0,1,0,1,0,0,1,0,2,1,0,1,1,1,1,0,1,0,normal,0,0,0,0,0,0,0,0,0,0,0,0,1
normal,31,1,1,1,1,1,1,2,1,1,1,1,1,1,0,0,0,0,1,0,0,0,0,1,0,1,0,0,1,0,2,1,0,1,1,1,1,0,1,0,normal,0,0,0,0,0,0,0,0,0,0,0,0,1
normal,32,1,1,1,1,1,1,2,1,1,1,1,1,1,0,0,0,0,1,0,0,0,0,1,0,1,0,0,1,0,2,1,0,1,1,1,1,0,1,0,normal,0,0,0,0,0,0,0,0,0,0,0,0,1
normal,33,1,1,1,1,1,1,2,1,1,1,1,1,1,0,0,0,0,1,0,0,0,0,1,0,1,0,0,1,0,2,1,0,1,1,1,1,0,1,0,normal,0,0,0,0,0,0,0,0,0,0,0,0,1
normal,34,1,1,1,1,1,1,2,1,1,1,1,1,1,0,0,0,0,1,0,0,0,0,1,0,1,0,0,1,0,2,1,0,1,1,1,1,0,1,0,normal,0,0,0,0,0,0,0,0,0,0,0,0,1
normal,35,1,1,1,1,1,1,2,1,1,1,1,1,1,0,0,0,0,1,0,0,0,0,1,0,1,0,0,1,0,2,1,0,1,1,1,1,0,1,0,normal,0,0,0,0,0,0,0,0,0,0,0,0,1
normal,36,1,1,1,1,1,1,2,1,1,1,1,1,1,0,0,0,0,1,0,0,0,0,1,0,1,0,0,1,0,2,1,0,1,1,1,1,0,1,0,normal,0,0,0,0,0,0,0,0,0,0,0,0,1
normal,37,1,1,1,1,1,1,2,1,1,1,1,1,1,0,0,0,0,1,0,0,0,0,1,0,1,0,0,1,0,2,1,0,1,1,1,1,0,1,0,normal,0,0,0,0,0,0,0,0,0,0,0,0,1
normal,38,1,1,1,1,1,1,2,1,1,1,1,1,1,0,0,0,0,1,0,0,0,0,1,0,1,0,0,1,0,2,1,0,1,1,1,1,0,1,0,normal,0,0,0,0,0,0,0,0,0,0,0,0,1
normal,39,1,1,1,1,1,1,2,1,1,1,1,1,1,0,0,0,0,1,0,0,0,0,1,0,1,0,0,1,0,2,1,0,1,1,1,1,0,1,0,normal,0,0,0,0,0,0,0,0,0,0,0,0,1
normal,4,1,1,1,1,1,1,2,1,1,1,1,1,1,0,0,0,0,1,0,0,0,0,1,0,1,0,0,1,0,2,1,0,1,1,1,1,0,1,0,normal,0,0,0,0,0,0,0,0,0,0,0,0,1
normal,40,1,1,1,1,1,1,2,1,1,1,1,1,1,0,0,0,0,1,0,0,0,0,1,0,1,0,0,1,0,2,1,0,1,1,1,1,0,1,0,normal,0,0,0,0,0,0,0,0,0,0,0,0,1
normal,41,1,1,1,1,1,1,2,1,1,1,1,1,1,0,0,0,0,1,0,0,0,0,1,0,1,0,0,1,0,2,1,0,1,1,1,1,0,1,0,normal,0,0,0,0,0,0,0,0,0,0,0,0,1
normal,42,1,1,1,1,1,1,2,1,1,1,1,1,1,0,0,0,0,1,0,0,0,0,1,0,1,0,0,1,0,2,1,0,1,1,1,1,0,1,0,normal,0,0,0,0,0,0,0,0,0,0,0,0,1
normal,43,1,1,1,1,1,1,2,1,1,1,1,1,1,0,0,0,0,1,0,0,0,0,1,0,1,0,0,1,0,2,1,0,1,1,1,1,0,1,0,normal,0,0,0,0,0,0,0,0,0,0,0,0,1
normal,44,1,1,1,1,1,1,2,1,1,1,1,1,1,0,0,0,0,1,0,0,0,0,1,0,1,0,0,1,0,2,1,0,1,1,1,1,0,1,0,normal,0,0,0,0,0,0,0,0,0,0,0,0,1
normal,45,1,1,1,1,1,1,2,1,1,1,1,1,1,0,0,0,0,1,0,0,0,0,1,0,1,0,0,1,0,2,1,0,1,1,1,1,0,1,0,normal,0,0,0,0,0,0,0,0,0,0,0,0,1
normal,46,1,1,1,1,1,1,2,1,1,1,1,1,1,0,0,0,0,1,0,0,0,0,1,0,1,0,0,1,0,2,1,0,1,1,1,1,0,1,0,normal,0,0,0,0,0,0,0,0,0,0,0,0,1
normal,47,1,1,1,1,1,1,2,1,1,1,1,1,1,0,0,0,0,1,0,0,0,0,1,0,1,0,0,1,0,2,1,0,1,1,1,1,0,1,0,normal,0,0,0,0,0,0,0,0,0,0,0,0,1
normal,48,1,1,1,1,1,1,2,1,1,1,1,1,1,0,0,0,0,1,0,0,0,0,1,0,1,0,0,1,0,2,1,0,1,1,1,1,0,1,0,normal,0,0,0,0,0,0,0,0,0,0,0,0,1
normal,49,1,1,1,1,1,1,2,1,1,1,1,1,1,0,0,0,0,1,0,0,0,0,1,0,1,0,0,1,0,2,1,0,1,1,1,1,0,1,0,normal,0,0,0,0,0,0,0,0,0,0,0,0,1
normal,5,1,1,1,1,1,1,2,1,1,1,1,1,1,0,0,0,0,1,0,0,0,0,1,0,1,0,0,1,0,2,1,0,1,1,1,1,0,1,0,normal,0,0,0,0,0,0,0,0,0,0,0,0,1
normal,50,1,1,1,1,1,1,2,1,1,1,1,1,1,0,0,0,0,1,0,0,0,0,1,0,1,0,0,1,0,2,1,0,1,1,1,1,0,1,0,normal,0,0,0,0,0,0,0,0,0,0,0,0,1
normal,51,1,1,1,1,1,1,2,1,1,1,1,1,1,0,0,0,0,1,0,0,0,0,1,0,1,0,0,1,0,2,1,0,1,1,1,1,0,1,0,normal,0,0,0,0,0,0,0,0,0,0,0,0,1
normal,52,1,1,1,1,1,1,2,1,1,1,1,1,1,0,0,0,0,1,0,0,0,0,1,0,1,0,0,1,0,2,1,0,1,1,1,1,0,1,0,normal,0,0,0,0,0,0,0,0,0,0,0,0,1
normal,53,1,1,1,1,1,1,2,1,1,1,1,1,1,0,0,0,0,1,0,0,0,0,1,0,1,0,0,1,0,2,1,0,1,1,1,1,0,1,0,normal,0,0,0,0,0,0,0,0,0,0,0,0,1
normal,54,1,1,1,1,1,1,2,1,1,1,1,1,1,0,0,0,0,1,0,0,0,0,1,0,1,0,0,1,0,2,1,0,1,1,1,1,0,1,0,normal,0,0,0,0,0,0,0,0,0,0,0,0,1
normal,55,1,1,1,1,1,1,2,1,1,1,1,1,1,0,0,0,0,1,0,0,0,0,1,0,1,0,0,1,0,2,1,0,1,1,1,1,0,1,0,normal,0,0,0,0,0,0,0,0,0,0,0,0,1
normal,56,1,1,1,1,1,1,2,1,1,1,1,1,1,0,0,0,0,1,0,0,0,0,1,0,1,0,0,1,0,2,1,0,1,1,1,1,0,1,0,normal,0,0,0,0,0,0,0,0,0,0,0,0,1
normal,57,1,1,1,1,1,1,2,1,1,1,1,1,1,0,0,0,0,1,0,0,0,0,1,0,1,0,0,1,0,2,1,0,1,1,1,1,0,1,0,normal,0,0,0,0,0,0,0,0,0,0,0,0,1
normal,58,1,1,1,1,1,1,2,1,1,1,1,1,1,0,0,0,0,1,0,0,0,0,1,0,1,0,0,1,0,2,1,0,1,1,1,1,0,1,0,normal,0,0,0,0,0,0,0,0,0,0,0,0,1
normal,59,1,1,1,1,1,1,2,1,1,1,1,1,1,0,0,0,0,1,0,0,0,0,1,0,1,0,0,1,0,2,1,0,1,1,1,1,0,1,0,normal,0,0,0,0,0,0,0,0,0,0,0,0,1
normal,6,1,1,1,1,1,1,2,1,1,1,1,1,1,0,0,0,0,1,0,0,0,0,1,0,1,0,0,1,0,2,1,0,1,1,1,1,0,1,0,normal,0,0,0,0,0,0,0,0,0,0,0,0,1
normal,60,1,1,1,1,1,1,2,1,1,1,1,1,1,0,0,0,0,1,0,0,0,0,1,0,1,0,0,1,0,2,1,0,1,1,1,1,0,1,0,normal,0,0,0,0,0,0,0,0,0,0,0,0,1
normal,61,1,1,1,1,1,1,2,1,1,1,1,1,1,0,0,0,0,1,0,0,0,0,1,0,1,0,0,1,0,2,1,0,1,1,1,1,0,1,0,normal,0,0,0,0,0,0,0,0,0,0,0,0,1
normal,62,1,1,1,1,1,1,2,1,1,1,1,1,1,0,0,0,0,1,0,0,0,0,1,0,1,0,0,1,0,2,1,0,1,1,1,1,0,1,0,normal,0,0,0,0,0,0,0,0,0,0,0,0,1
normal,63,1,1,1,1,1,1,2,1,1,1,1,1,1,0,0,0,0,1,0,0,0,0,1,0,1,0,0,1,0,2,1,0,1,1,1,1,0,1,0,normal,0,0,0,0,0,0,0,0,0,0,0,0,1
normal,64,1,1,1,1,1,1,2,1,1,1,1,1,1,0,0,0,0,1,0,0,0,0,1,0,1,0,0,1,0,2,1,0,1,1,1,1,0,1,0,normal,0,0,0,0,0,0,0,0,0,0,0,0,1
normal,65,1,1,1,1,1,1,2,1,1,1,1,1,1,0,0,0,0,1,0,0,0,0,1,0,1,0,0,1,0,2,1,0,1,1,1,1,0,1,0,normal,0,0,0,0,0,0,0,0,0,0,0,0,1
normal,66,1,1,1,1,1,1,2,1,1,1,1,1,1,0,0,0,0,1,0,0,0,0,1,0,1,0,0,1,0,2,1,0,1,1,1,1,0,1,0,normal,0,0,0,0,0,0,0,0,0,0,0,0,1
normal,67,1,1,1,1,1,1,2,1,1,1,1,1,1,0,0,0,0,1,0,0,0,0,1,0,1,0,0,1,0,2,1,0,1,1,1,1,0,1,0,normal,0,0,0,0,0,0,0,0,0,0,0,0,1
normal,68,1,1,1,1,1,1,2,1,1,1,1,1,1,0,0,0,0,1,0,0,0,0,1,0,1,0,0,1,0,2,1,0,1,1,1,1,0,1,0,normal,0,0,0,0,0,0,0,0,0,0,0,0,1
normal,69,1,1,1,1,1,1,2,1,1,1,1,1,1,0,0,0,0,1,0,0,0,0,1,0,1,0,0,1,0,2,1,0,1,1,1,1,0,1,0,normal,0,0,0,0,0,0,0,0,0,0,0,0,1
normal,7,1,1,1,1,1,1,2,1,1,1,1,1,1,0,0,0,0,1,0,0,0,0,1,0,1,0,0,1,0,2,1,0,1,1,1,1,0,1,0,normal,0,0,0,0,0,0,0,0,0,0,0,0,1
normal,70,1,1,1,1,1,1,2,1,1,1,1,1,1,0,0,0,0,1,0,0,0,0,1,0,1,0,0,1,0,2,1,0,1,1,1,1,0,1,0,normal,0,0,0,0,0,0,0,0,0,0,0,0,1
normal,71,1,1,1,1,1,1,2,1,1,1,1,1,1,0,0,0,0,1,0,0,0,0,1,0,1,0,0,1,0,2,1,0,1,1,1,1,0,1,0,normal,0,0,0,0,0,0,0,0,0,0,0,0,1
normal,72,1,1,1,1,1,1,2,1,1,1,1,1,1,0,0,0,0,1,0,0,0,0,1,0,1,0,0,1,0,2,1,0,1,1,1,1,0,1,0,normal,0,0,0,0,0,0,0,0,0,0,0,0,1
normal,73,1,1,1,1,1,1,2,1,1,1,1,1,1,0,0,0,0,1,0,0,0,0,1,0,1,0,0,1,0,2,1,0,1,1,1,1,0,1,0,normal,0,0,0,0,0,0,0,0,0,0,0,0,1
normal,74,1,1,1,1,1,1,2,1,1,1,1,1,1,0,0,0,0,1,0,0,0,0,1,0,1,0,0,1,0,2,1,0,1,1,1,1,0,1,0,normal,0,0,0,0,0,0,0,0,0,0,0,0,1
normal,75,1,1,1,1,1,1,2,1,1,1,1,1,1,0,0,0,0,1,0,0,0,0,1,0,1,0,0,1,0,2,1,0,1,1,1,1,0,1,0,normal,0,0,0,0,0,0,0,0,0,0,0,0,1
normal,76,1,1,1,1,1,1,2,1,1,1,1,1,1,0,0,0,0,1,0,0,0,0,1,0,1,0,0,1,0,2,1,0,1,1,1,1,0,1,0,normal,0,0,0,0,0,0,0,0,0,0,0,0,1
normal,77,1,1,1,1,1,1,2,1,1,1,1,1,1,0,0,0,0,1,0,0,0,0,1,0,1,0,0,1,0,2,1,0,1,1,1,1,0,1,0,normal,0,0,0,0,0,0,0,0,0,0,0,0,1
normal,78,1,1,1,1,1,1,2,1,1,1,1,1,1,0,0,0,0,1,0,0,0,0,1,0,1,0,0,1,0,2,1,0,1,1,1,1,0,1,0,normal,0,0,0,0,0,0,0,0,0,0,0,0,1
normal,79,1,1,1,1,1,1,2,1,1,1,1,1,1,0,0,0,0,1,0,0,0,0,1,0,1,0,0,1,0,2,1,0,1,1,1,1,0,1,0,normal,0,0,0,0,0,0,0,0,0,0,0,0,1
normal,8,1,1,1,1,1,1,2,1,1,1,1,1,1,0,0,0,0,1,0,0,0,0,1,0,1,0,0,1,0,2,1,0,1,1,1,1,0,1,0,normal,0,0,0,0,0,0,0,0,0,0,0,0,1
normal,80,1,1,1,1,1,1,2,1,1,1,1,1,1,0,0,0,0,1,0,0,0,0,1,0,1,0,0,1,0,2,1,0,1,1,1,1,0,1,0,normal,0,0,0,0,0,0,0,0,0,0,0,0,1
normal,81,1,1,1,1,1,1,2,1,1,1,1,1,1,0,0,0,0,1,0,0,0,0,1,0,1,0,0,1,0,2,1,0,1,1,1,1,0,1,0,normal,0,0,0,0,0,0,0,0,0,0,0,0,1
normal,82,1,1,1,1,1,1,2,1,1,1,1,1,1,0,0,0,0,1,0,0,0,0,1,0,1,0,0,1,0,2,1,0,1,1,1,1,0,1,0,normal,0,0,0,0,0,0,0,0,0,0,0,0,1
normal,83,1,1,1,1,1,1,2,1,1,1,1,1,1,0,0,0,0,1,0,0,0,0,1,0,1,0,0,1,0,2,1,0,1,1,1,1,0,1,0,normal,0,0,0,0,0,0,0,0,0,0,0,0,1
normal,84,1,1,1,1,1,1,2,1,1,1,1,1,1,0,0,0,0,1,0,0,0,0,1,0,1,0,0,1,0,2,1,0,1,1,1,1,0,1,0,normal,0,0,0,0,0,0,0,0,0,0,0,0,1
normal,85,1,1,1,1,1,1,2,1,1,1,1,1,1,0,0,0,0,1,0,0,0,0,1,0,1,0,0,1,0,2,1,0,1,1,1,1,0,1,0,normal,0,0,0,0,0,0,0,0,0,0,0,0,1
normal,86,1,1,1,1,1,1,2,1,1,1,1,1,1,0,0,0,0,1,0,0,0,0,1,0,1,0,0,1,0,2,1,0,1,1,1,1,0,1,0,normal,0,0,0,0,0,0,0,0,0,0,0,0,1
normal,87,1,1,1,1,1,1,2,1,1,1,1,1,1,0,0,0,0,1,0,0,0,0,1,0,1,0,0,1,0,2,1,0,1,1,1,1,0,1,0,normal,0,0,0,0,0,0,0,0,0,0,0,0,1
normal,88,1,1,1,1,1,1,2,1,1,1,1,1,1,0,0,0,0,1,0,0,0,0,1,0,1,0,0,1,0,2,1,0,1,1,1,1,0,1,0,normal,0,0,0,0,0,0,0,0,0,0,0,0,1
normal,89,1,1,1,1,1,1,2,1,1,1,1,1,1,0,0,0,0,1,0,0,0,0,1,0,1,0,0,1,0,2,1,0,1,1,1,1,0,1,0,normal,0,0,0,0,0,0,0,0,0,0,0,0,1
normal,9,1,1,1,1,1,1,2,1,1,1,1,1,1,0,0,0,0,1,0,0,0,0,1,0,1,0,0,1,0,2,1,0,1,1,1,1,0,1,0,normal,0,0,0,0,0,0,0,0,0,0,0,0,1
normal,90,1,1,1,1,1,1,2,1,1,1,1,1,1,0,0,0,0,1,0,0,0,0,1,0,1,0,0,1,0,2,1,0,1,1,1,1,0,1,0,normal,0,0,0,0,0,0,0,0,0,0,0,0,1
normal,91,1,1,1,1,1,1,2,1,1,1,1,1,1,0,0,0,0,1,0,0,0,0,1,0,1,0,0,1,0,2,1,0,1,1,1,1,0,1,0,normal,0,0,0,0,0,0,0,0,0,0,0,0,1
normal,92,1,1,1,1,1,1,2,1,1,1,1,1,1,0,0,0,0,1,0,0,0,0,1,0,1,0,0,1,0,2,1,0,1,1,1,1,0,1,0,normal,0,0,0,0,0,0,0,0,0,0,0,0,1
normal,93,1,1,1,1,1,1,2,1,1,1,1,1,1,0,0,0,0,1,0,0,0,0,1,0,1,0,0,1,0,2,1,0,1,1,1,1,0,1,0,normal,0,0,0,0,0,0,0,0,0,0,0,0,1
normal,94,1,1,1,1,1,1,2,1,1,1,1,1,1,0,0,0,0,1,0,0,0,0,1,0,1,0,0,1,0,2,1,0,1,1,1,1,0,1,0,normal,0,0,0,0,0,0,0,0,0,0,0,0,1
normal,95,1,1,1,1,1,1,2,1,1,1,1,1,1,0,0,0,0,1,0,0,0,0,1,0,1,0,0,1,0,2,1,0,1,1,1,1,0,1,0,normal,0,0,0,0,0,0,0,0,0,0,0,0,1
normal,96,1,1,1,1,1,1,2,1,1,1,1,1,1,0,0,0,0,1,0,0,0,0,1,0,1,0,0,1,0,2,1,0,1,1,1,1,0,1,0,normal,0,0,0,0,0,0,0,0,0,0,0,0,1
normal,97,1,1,1,1,1,1,2,1,1,1,1,1,1,0,0,0,0,1,0,0,0,0,1,0,1,0,0,1,0,2,1,0,1,1,1,1,0,1,0,normal,0,0,0,0,0,0,0,0,0,0,0,0,1
normal,98,1,1,1,1,1,1,2,1,1,1,1,1,1,0,0,0,0,1,0,0,0,0,1,0,1,0,0,1,0,2,1,0,1,1,1,1,0,1,0,normal,0,0,0,0,0,0,0,0,0,0,0,0,1
normal,99,1,1,1,1,1,1,2,1,1,1,1,1,1,0,0,0,0,1,0,0,0,0,1,0,1,0,0,1,0,2,1,0,1,1,1,1,0,1,0,normal,0,0,0,0,0,0,0,0,0,0,0,0,1
pkce_downgrade,1,1,1,1,1,0,1,1,1,1,1,1,1,1,0,0,0,0,1,0,0,0,0,1,0,1,0,0,1,0,2,1,0,1,0,1,1,0,1,3,pkce_downgrade,0,0,0,1,0,0,0,0,0,0,0,0,1
pkce_downgrade,10,1,1,1,1,0,1,1,1,1,1,1,1,1,0,0,0,0,1,0,0,0,0,1,0,1,0,0,1,0,2,1,0,1,0,1,1,0,1,3,pkce_downgrade,0,0,0,1,0,0,0,0,0,0,0,0,1
pkce_downgrade,100,1,1,1,1,0,1,1,1,1,1,1,1,1,0,0,0,0,1,0,0,0,0,1,0,1,0,0,1,0,2,1,0,1,0,1,1,0,1,3,pkce_downgrade,0,0,0,1,0,0,0,0,0,0,0,0,1
pkce_downgrade,101,1,1,1,1,0,1,1,1,1,1,1,1,1,0,0,0,0,1,0,0,0,0,1,0,1,0,0,1,0,2,1,0,1,0,1,1,0,1,3,pkce_downgrade,0,0,0,1,0,0,0,0,0,0,0,0,1
pkce_downgrade,102,1,1,1,1,0,1,1,1,1,1,1,1,1,0,0,0,0,1,0,0,0,0,1,0,1,0,0,1,0,2,1,0,1,0,1,1,0,1,3,pkce_downgrade,0,0,0,1,0,0,0,0,0,0,0,0,1
pkce_downgrade,103,1,1,1,1,0,1,1,1,1,1,1,1,1,0,0,0,0,1,0,0,0,0,1,0,1,0,0,1,0,2,1,0,1,0,1,1,0,1,3,pkce_downgrade,0,0,0,1,0,0,0,0,0,0,0,0,1
pkce_downgrade,104,1,1,1,1,0,1,1,1,1,1,1,1,1,0,0,0,0,1,0,0,0,0,1,0,1,0,0,1,0,2,1,0,1,0,1,1,0,1,3,pkce_downgrade,0,0,0,1,0,0,0,0,0,0,0,0,1
pkce_downgrade,105,1,1,1,1,0,1,1,1,1,1,1,1,1,0,0,0,0,1,0,0,0,0,1,0,1,0,0,1,0,2,1,0,1,0,1,1,0,1,3,pkce_downgrade,0,0,0,1,0,0,0,0,0,0,0,0,1
pkce_downgrade,106,1,1,1,1,0,1,1,1,1,1,1,1,1,0,0,0,0,1,0,0,0,0,1,0,1,0,0,1,0,2,1,0,1,0,1,1,0,1,3,pkce_downgrade,0,0,0,1,0,0,0,0,0,0,0,0,1
pkce_downgrade,107,1,1,1,1,0,1,1,1,1,1,1,1,1,0,0,0,0,1,0,0,0,0,1,0,1,0,0,1,0,2,1,0,1,0,1,1,0,1,3,pkce_downgrade,0,0,0,1,0,0,0,0,0,0,0,0,1
pkce_downgrade,108,1,1,1,1,0,1,1,1,1,1,1,1,1,0,0,0,0,1,0,0,0,0,1,0,1,0,0,1,0,2,1,0,1,0,1,1,0,1,3,pkce_downgrade,0,0,0,1,0,0,0,0,0,0,0,0,1
pkce_downgrade,109,1,1,1,1,0,1,1,1,1,1,1,1,1,0,0,0,0,1,0,0,0,0,1,0,1,0,0,1,0,2,1,0,1,0,1,1,0,1,3,pkce_downgrade,0,0,0,1,0,0,0,0,0,0,0,0,1
pkce_downgrade,11,1,1,1,1,0,1,1,1,1,1,1,1,1,0,0,0,0,1,0,0,0,0,1,0,1,0,0,1,0,2,1,0,1,0,1,1,0,1,3,pkce_downgrade,0,0,0,1,0,0,0,0,0,0,0,0,1
pkce_downgrade,110,1,1,1,1,0,1,1,1,1,1,1,1,1,0,0,0,0,1,0,0,0,0,1,0,1,0,0,1,0,2,1,0,1,0,1,1,0,1,3,pkce_downgrade,0,0,0,1,0,0,0,0,0,0,0,0,1
pkce_downgrade,111,1,1,1,1,0,1,1,1,1,1,1,1,1,0,0,0,0,1,0,0,0,0,1,0,1,0,0,1,0,2,1,0,1,0,1,1,0,1,3,pkce_downgrade,0,0,0,1,0,0,0,0,0,0,0,0,1
pkce_downgrade,112,1,1,1,1,0,1,1,1,1,1,1,1,1,0,0,0,0,1,0,0,0,0,1,0,1,0,0,1,0,2,1,0,1,0,1,1,0,1,3,pkce_downgrade,0,0,0,1,0,0,0,0,0,0,0,0,1
pkce_downgrade,113,1,1,1,1,0,1,1,1,1,1,1,1,1,0,0,0,0,1,0,0,0,0,1,0,1,0,0,1,0,2,1,0,1,0,1,1,0,1,3,pkce_downgrade,0,0,0,1,0,0,0,0,0,0,0,0,1
pkce_downgrade,114,1,1,1,1,0,1,1,1,1,1,1,1,1,0,0,0,0,1,0,0,0,0,1,0,1,0,0,1,0,2,1,0,1,0,1,1,0,1,3,pkce_downgrade,0,0,0,1,0,0,0,0,0,0,0,0,1
pkce_downgrade,115,1,1,1,1,0,1,1,1,1,1,1,1,1,0,0,0,0,1,0,0,0,0,1,0,1,0,0,1,0,2,1,0,1,0,1,1,0,1,3,pkce_downgrade,0,0,0,1,0,0,0,0,0,0,0,0,1
pkce_downgrade,116,1,1,1,1,0,1,1,1,1,1,1,1,1,0,0,0,0,1,0,0,0,0,1,0,1,0,0,1,0,2,1,0,1,0,1,1,0,1,3,pkce_downgrade,0,0,0,1,0,0,0,0,0,0,0,0,1
pkce_downgrade,117,1,1,1,1,0,1,1,1,1,1,1,1,1,0,0,0,0,1,0,0,0,0,1,0,1,0,0,1,0,2,1,0,1,0,1,1,0,1,3,pkce_downgrade,0,0,0,1,0,0,0,0,0,0,0,0,1
pkce_downgrade,118,1,1,1,1,0,1,1,1,1,1,1,1,1,0,0,0,0,1,0,0,0,0,1,0,1,0,0,1,0,2,1,0,1,0,1,1,0,1,3,pkce_downgrade,0,0,0,1,0,0,0,0,0,0,0,0,1
pkce_downgrade,119,1,1,1,1,0,1,1,1,1,1,1,1,1,0,0,0,0,1,0,0,0,0,1,0,1,0,0,1,0,2,1,0,1,0,1,1,0,1,3,pkce_downgrade,0,0,0,1,0,0,0,0,0,0,0,0,1
pkce_downgrade,12,1,1,1,1,0,1,1,1,1,1,1,1,1,0,0,0,0,1,0,0,0,0,1,0,1,0,0,1,0,2,1,0,1,0,1,1,0,1,3,pkce_downgrade,0,0,0,1,0,0,0,0,0,0,0,0,1
pkce_downgrade,120,1,1,1,1,0,1,1,1,1,1,1,1,1,0,0,0,0,1,0,0,0,0,1,0,1,0,0,1,0,2,1,0,1,0,1,1,0,1,3,pkce_downgrade,0,0,0,1,0,0,0,0,0,0,0,0,1
pkce_downgrade,121,1,1,1,1,0,1,1,1,1,1,1,1,1,0,0,0,0,1,0,0,0,0,1,0,1,0,0,1,0,2,1,0,1,0,1,1,0,1,3,pkce_downgrade,0,0,0,1,0,0,0,0,0,0,0,0,1
pkce_downgrade,122,1,1,1,1,0,1,1,1,1,1,1,1,1,0,0,0,0,1,0,0,0,0,1,0,1,0,0,1,0,2,1,0,1,0,1,1,0,1,3,pkce_downgrade,0,0,0,1,0,0,0,0,0,0,0,0,1
pkce_downgrade,123,1,1,1,1,0,1,1,1,1,1,1,1,1,0,0,0,0,1,0,0,0,0,1,0,1,0,0,1,0,2,1,0,1,0,1,1,0,1,3,pkce_downgrade,0,0,0,1,0,0,0,0,0,0,0,0,1
pkce_downgrade,124,1,1,1,1,0,1,1,1,1,1,1,1,1,0,0,0,0,1,0,0,0,0,1,0,1,0,0,1,0,2,1,0,1,0,1,1,0,1,3,pkce_downgrade,0,0,0,1,0,0,0,0,0,0,0,0,1
pkce_downgrade,125,1,1,1,1,0,1,1,1,1,1,1,1,1,0,0,0,0,1,0,0,0,0,1,0,1,0,0,1,0,2,1,0,1,0,1,1,0,1,3,pkce_downgrade,0,0,0,1,0,0,0,0,0,0,0,0,1
pkce_downgrade,13,1,1,1,1,0,1,1,1,1,1,1,1,1,0,0,0,0,1,0,0,0,0,1,0,1,0,0,1,0,2,1,0,1,0,1,1,0,1,3,pkce_downgrade,0,0,0,1,0,0,0,0,0,0,0,0,1
pkce_downgrade,14,1,1,1,1,0,1,1,1,1,1,1,1,1,0,0,0,0,1,0,0,0,0,1,0,1,0,0,1,0,2,1,0,1,0,1,1,0,1,3,pkce_downgrade,0,0,0,1,0,0,0,0,0,0,0,0,1
pkce_downgrade,15,1,1,1,1,0,1,1,1,1,1,1,1,1,0,0,0,0,1,0,0,0,0,1,0,1,0,0,1,0,2,1,0,1,0,1,1,0,1,3,pkce_downgrade,0,0,0,1,0,0,0,0,0,0,0,0,1
pkce_downgrade,16,1,1,1,1,0,1,1,1,1,1,1,1,1,0,0,0,0,1,0,0,0,0,1,0,1,0,0,1,0,2,1,0,1,0,1,1,0,1,3,pkce_downgrade,0,0,0,1,0,0,0,0,0,0,0,0,1
pkce_downgrade,17,1,1,1,1,0,1,1,1,1,1,1,1,1,0,0,0,0,1,0,0,0,0,1,0,1,0,0,1,0,2,1,0,1,0,1,1,0,1,3,pkce_downgrade,0,0,0,1,0,0,0,0,0,0,0,0,1
pkce_downgrade,18,1,1,1,1,0,1,1,1,1,1,1,1,1,0,0,0,0,1,0,0,0,0,1,0,1,0,0,1,0,2,1,0,1,0,1,1,0,1,3,pkce_downgrade,0,0,0,1,0,0,0,0,0,0,0,0,1
pkce_downgrade,19,1,1,1,1,0,1,1,1,1,1,1,1,1,0,0,0,0,1,0,0,0,0,1,0,1,0,0,1,0,2,1,0,1,0,1,1,0,1,3,pkce_downgrade,0,0,0,1,0,0,0,0,0,0,0,0,1
pkce_downgrade,2,1,1,1,1,0,1,1,1,1,1,1,1,1,0,0,0,0,1,0,0,0,0,1,0,1,0,0,1,0,2,1,0,1,0,1,1,0,1,3,pkce_downgrade,0,0,0,1,0,0,0,0,0,0,0,0,1
pkce_downgrade,20,1,1,1,1,0,1,1,1,1,1,1,1,1,0,0,0,0,1,0,0,0,0,1,0,1,0,0,1,0,2,1,0,1,0,1,1,0,1,3,pkce_downgrade,0,0,0,1,0,0,0,0,0,0,0,0,1
pkce_downgrade,21,1,1,1,1,0,1,1,1,1,1,1,1,1,0,0,0,0,1,0,0,0,0,1,0,1,0,0,1,0,2,1,0,1,0,1,1,0,1,3,pkce_downgrade,0,0,0,1,0,0,0,0,0,0,0,0,1
pkce_downgrade,22,1,1,1,1,0,1,1,1,1,1,1,1,1,0,0,0,0,1,0,0,0,0,1,0,1,0,0,1,0,2,1,0,1,0,1,1,0,1,3,pkce_downgrade,0,0,0,1,0,0,0,0,0,0,0,0,1
pkce_downgrade,23,1,1,1,1,0,1,1,1,1,1,1,1,1,0,0,0,0,1,0,0,0,0,1,0,1,0,0,1,0,2,1,0,1,0,1,1,0,1,3,pkce_downgrade,0,0,0,1,0,0,0,0,0,0,0,0,1
pkce_downgrade,24,1,1,1,1,0,1,1,1,1,1,1,1,1,0,0,0,0,1,0,0,0,0,1,0,1,0,0,1,0,2,1,0,1,0,1,1,0,1,3,pkce_downgrade,0,0,0,1,0,0,0,0,0,0,0,0,1
pkce_downgrade,25,1,1,1,1,0,1,1,1,1,1,1,1,1,0,0,0,0,1,0,0,0,0,1,0,1,0,0,1,0,2,1,0,1,0,1,1,0,1,3,pkce_downgrade,0,0,0,1,0,0,0,0,0,0,0,0,1
pkce_downgrade,26,1,1,1,1,0,1,1,1,1,1,1,1,1,0,0,0,0,1,0,0,0,0,1,0,1,0,0,1,0,2,1,0,1,0,1,1,0,1,3,pkce_downgrade,0,0,0,1,0,0,0,0,0,0,0,0,1
pkce_downgrade,27,1,1,1,1,0,1,1,1,1,1,1,1,1,0,0,0,0,1,0,0,0,0,1,0,1,0,0,1,0,2,1,0,1,0,1,1,0,1,3,pkce_downgrade,0,0,0,1,0,0,0,0,0,0,0,0,1
pkce_downgrade,28,1,1,1,1,0,1,1,1,1,1,1,1,1,0,0,0,0,1,0,0,0,0,1,0,1,0,0,1,0,2,1,0,1,0,1,1,0,1,3,pkce_downgrade,0,0,0,1,0,0,0,0,0,0,0,0,1
pkce_downgrade,29,1,1,1,1,0,1,1,1,1,1,1,1,1,0,0,0,0,1,0,0,0,0,1,0,1,0,0,1,0,2,1,0,1,0,1,1,0,1,3,pkce_downgrade,0,0,0,1,0,0,0,0,0,0,0,0,1
pkce_downgrade,3,1,1,1,1,0,1,1,1,1,1,1,1,1,0,0,0,0,1,0,0,0,0,1,0,1,0,0,1,0,2,1,0,1,0,1,1,0,1,3,pkce_downgrade,0,0,0,1,0,0,0,0,0,0,0,0,1
pkce_downgrade,30,1,1,1,1,0,1,1,1,1,1,1,1,1,0,0,0,0,1,0,0,0,0,1,0,1,0,0,1,0,2,1,0,1,0,1,1,0,1,3,pkce_downgrade,0,0,0,1,0,0,0,0,0,0,0,0,1
pkce_downgrade,31,1,1,1,1,0,1,1,1,1,1,1,1,1,0,0,0,0,1,0,0,0,0,1,0,1,0,0,1,0,2,1,0,1,0,1,1,0,1,3,pkce_downgrade,0,0,0,1,0,0,0,0,0,0,0,0,1
pkce_downgrade,32,1,1,1,1,0,1,1,1,1,1,1,1,1,0,0,0,0,1,0,0,0,0,1,0,1,0,0,1,0,2,1,0,1,0,1,1,0,1,3,pkce_downgrade,0,0,0,1,0,0,0,0,0,0,0,0,1
pkce_downgrade,33,1,1,1,1,0,1,1,1,1,1,1,1,1,0,0,0,0,1,0,0,0,0,1,0,1,0,0,1,0,2,1,0,1,0,1,1,0,1,3,pkce_downgrade,0,0,0,1,0,0,0,0,0,0,0,0,1
pkce_downgrade,34,1,1,1,1,0,1,1,1,1,1,1,1,1,0,0,0,0,1,0,0,0,0,1,0,1,0,0,1,0,2,1,0,1,0,1,1,0,1,3,pkce_downgrade,0,0,0,1,0,0,0,0,0,0,0,0,1
pkce_downgrade,35,1,1,1,1,0,1,1,1,1,1,1,1,1,0,0,0,0,1,0,0,0,0,1,0,1,0,0,1,0,2,1,0,1,0,1,1,0,1,3,pkce_downgrade,0,0,0,1,0,0,0,0,0,0,0,0,1
pkce_downgrade,36,1,1,1,1,0,1,1,1,1,1,1,1,1,0,0,0,0,1,0,0,0,0,1,0,1,0,0,1,0,2,1,0,1,0,1,1,0,1,3,pkce_downgrade,0,0,0,1,0,0,0,0,0,0,0,0,1
pkce_downgrade,37,1,1,1,1,0,1,1,1,1,1,1,1,1,0,0,0,0,1,0,0,0,0,1,0,1,0,0,1,0,2,1,0,1,0,1,1,0,1,3,pkce_downgrade,0,0,0,1,0,0,0,0,0,0,0,0,1
pkce_downgrade,38,1,1,1,1,0,1,1,1,1,1,1,1,1,0,0,0,0,1,0,0,0,0,1,0,1,0,0,1,0,2,1,0,1,0,1,1,0,1,3,pkce_downgrade,0,0,0,1,0,0,0,0,0,0,0,0,1
pkce_downgrade,39,1,1,1,1,0,1,1,1,1,1,1,1,1,0,0,0,0,1,0,0,0,0,1,0,1,0,0,1,0,2,1,0,1,0,1,1,0,1,3,pkce_downgrade,0,0,0,1,0,0,0,0,0,0,0,0,1
pkce_downgrade,4,1,1,1,1,0,1,1,1,1,1,1,1,1,0,0,0,0,1,0,0,0,0,1,0,1,0,0,1,0,2,1,0,1,0,1,1,0,1,3,pkce_downgrade,0,0,0,1,0,0,0,0,0,0,0,0,1
pkce_downgrade,40,1,1,1,1,0,1,1,1,1,1,1,1,1,0,0,0,0,1,0,0,0,0,1,0,1,0,0,1,0,2,1,0,1,0,1,1,0,1,3,pkce_downgrade,0,0,0,1,0,0,0,0,0,0,0,0,1
pkce_downgrade,41,1,1,1,1,0,1,1,1,1,1,1,1,1,0,0,0,0,1,0,0,0,0,1,0,1,0,0,1,0,2,1,0,1,0,1,1,0,1,3,pkce_downgrade,0,0,0,1,0,0,0,0,0,0,0,0,1
pkce_downgrade,42,1,1,1,1,0,1,1,1,1,1,1,1,1,0,0,0,0,1,0,0,0,0,1,0,1,0,0,1,0,2,1,0,1,0,1,1,0,1,3,pkce_downgrade,0,0,0,1,0,0,0,0,0,0,0,0,1
pkce_downgrade,43,1,1,1,1,0,1,1,1,1,1,1,1,1,0,0,0,0,1,0,0,0,0,1,0,1,0,0,1,0,2,1,0,1,0,1,1,0,1,3,pkce_downgrade,0,0,0,1,0,0,0,0,0,0,0,0,1
pkce_downgrade,44,1,1,1,1,0,1,1,1,1,1,1,1,1,0,0,0,0,1,0,0,0,0,1,0,1,0,0,1,0,2,1,0,1,0,1,1,0,1,3,pkce_downgrade,0,0,0,1,0,0,0,0,0,0,0,0,1
pkce_downgrade,45,1,1,1,1,0,1,1,1,1,1,1,1,1,0,0,0,0,1,0,0,0,0,1,0,1,0,0,1,0,2,1,0,1,0,1,1,0,1,3,pkce_downgrade,0,0,0,1,0,0,0,0,0,0,0,0,1
pkce_downgrade,46,1,1,1,1,0,1,1,1,1,1,1,1,1,0,0,0,0,1,0,0,0,0,1,0,1,0,0,1,0,2,1,0,1,0,1,1,0,1,3,pkce_downgrade,0,0,0,1,0,0,0,0,0,0,0,0,1
pkce_downgrade,47,1,1,1,1,0,1,1,1,1,1,1,1,1,0,0,0,0,1,0,0,0,0,1,0,1,0,0,1,0,2,1,0,1,0,1,1,0,1,3,pkce_downgrade,0,0,0,1,0,0,0,0,0,0,0,0,1
pkce_downgrade,48,1,1,1,1,0,1,1,1,1,1,1,1,1,0,0,0,0,1,0,0,0,0,1,0,1,0,0,1,0,2,1,0,1,0,1,1,0,1,3,pkce_downgrade,0,0,0,1,0,0,0,0,0,0,0,0,1
pkce_downgrade,49,1,1,1,1,0,1,1,1,1,1,1,1,1,0,0,0,0,1,0,0,0,0,1,0,1,0,0,1,0,2,1,0,1,0,1,1,0,1,3,pkce_downgrade,0,0,0,1,0,0,0,0,0,0,0,0,1
pkce_downgrade,5,1,1,1,1,0,1,1,1,1,1,1,1,1,0,0,0,0,1,0,0,0,0,1,0,1,0,0,1,0,2,1,0,1,0,1,1,0,1,3,pkce_downgrade,0,0,0,1,0,0,0,0,0,0,0,0,1
pkce_downgrade,50,1,1,1,1,0,1,1,1,1,1,1,1,1,0,0,0,0,1,0,0,0,0,1,0,1,0,0,1,0,2,1,0,1,0,1,1,0,1,3,pkce_downgrade,0,0,0,1,0,0,0,0,0,0,0,0,1
pkce_downgrade,51,1,1,1,1,0,1,1,1,1,1,1,1,1,0,0,0,0,1,0,0,0,0,1,0,1,0,0,1,0,2,1,0,1,0,1,1,0,1,3,pkce_downgrade,0,0,0,1,0,0,0,0,0,0,0,0,1
pkce_downgrade,52,1,1,1,1,0,1,1,1,1,1,1,1,1,0,0,0,0,1,0,0,0,0,1,0,1,0,0,1,0,2,1,0,1,0,1,1,0,1,3,pkce_downgrade,0,0,0,1,0,0,0,0,0,0,0,0,1
pkce_downgrade,53,1,1,1,1,0,1,1,1,1,1,1,1,1,0,0,0,0,1,0,0,0,0,1,0,1,0,0,1,0,2,1,0,1,0,1,1,0,1,3,pkce_downgrade,0,0,0,1,0,0,0,0,0,0,0,0,1
pkce_downgrade,54,1,1,1,1,0,1,1,1,1,1,1,1,1,0,0,0,0,1,0,0,0,0,1,0,1,0,0,1,0,2,1,0,1,0,1,1,0,1,3,pkce_downgrade,0,0,0,1,0,0,0,0,0,0,0,0,1
pkce_downgrade,55,1,1,1,1,0,1,1,1,1,1,1,1,1,0,0,0,0,1,0,0,0,0,1,0,1,0,0,1,0,2,1,0,1,0,1,1,0,1,3,pkce_downgrade,0,0,0,1,0,0,0,0,0,0,0,0,1
pkce_downgrade,56,1,1,1,1,0,1,1,1,1,1,1,1,1,0,0,0,0,1,0,0,0,0,1,0,1,0,0,1,0,2,1,0,1,0,1,1,0,1,3,pkce_downgrade,0,0,0,1,0,0,0,0,0,0,0,0,1
pkce_downgrade,57,1,1,1,1,0,1,1,1,1,1,1,1,1,0,0,0,0,1,0,0,0,0,1,0,1,0,0,1,0,2,1,0,1,0,1,1,0,1,3,pkce_downgrade,0,0,0,1,0,0,0,0,0,0,0,0,1
pkce_downgrade,58,1,1,1,1,0,1,1,1,1,1,1,1,1,0,0,0,0,1,0,0,0,0,1,0,1,0,0,1,0,2,1,0,1,0,1,1,0,1,3,pkce_downgrade,0,0,0,1,0,0,0,0,0,0,0,0,1
pkce_downgrade,59,1,1,1,1,0,1,1,1,1,1,1,1,1,0,0,0,0,1,0,0,0,0,1,0,1,0,0,1,0,2,1,0,1,0,1,1,0,1,3,pkce_downgrade,0,0,0,1,0,0,0,0,0,0,0,0,1
pkce_downgrade,6,1,1,1,1,0,1,1,1,1,1,1,1,1,0,0,0,0,1,0,0,0,0,1,0,1,0,0,1,0,2,1,0,1,0,1,1,0,1,3,pkce_downgrade,0,0,0,1,0,0,0,0,0,0,0,0,1
pkce_downgrade,60,1,1,1,1,0,1,1,1,1,1,1,1,1,0,0,0,0,1,0,0,0,0,1,0,1,0,0,1,0,2,1,0,1,0,1,1,0,1,3,pkce_downgrade,0,0,0,1,0,0,0,0,0,0,0,0,1
pkce_downgrade,61,1,1,1,1,0,1,1,1,1,1,1,1,1,0,0,0,0,1,0,0,0,0,1,0,1,0,0,1,0,2,1,0,1,0,1,1,0,1,3,pkce_downgrade,0,0,0,1,0,0,0,0,0,0,0,0,1
pkce_downgrade,62,1,1,1,1,0,1,1,1,1,1,1,1,1,0,0,0,0,1,0,0,0,0,1,0,1,0,0,1,0,2,1,0,1,0,1,1,0,1,3,pkce_downgrade,0,0,0,1,0,0,0,0,0,0,0,0,1
pkce_downgrade,63,1,1,1,1,0,1,1,1,1,1,1,1,1,0,0,0,0,1,0,0,0,0,1,0,1,0,0,1,0,2,1,0,1,0,1,1,0,1,3,pkce_downgrade,0,0,0,1,0,0,0,0,0,0,0,0,1
pkce_downgrade,64,1,1,1,1,0,1,1,1,1,1,1,1,1,0,0,0,0,1,0,0,0,0,1,0,1,0,0,1,0,2,1,0,1,0,1,1,0,1,3,pkce_downgrade,0,0,0,1,0,0,0,0,0,0,0,0,1
pkce_downgrade,65,1,1,1,1,0,1,1,1,1,1,1,1,1,0,0,0,0,1,0,0,0,0,1,0,1,0,0,1,0,2,1,0,1,0,1,1,0,1,3,pkce_downgrade,0,0,0,1,0,0,0,0,0,0,0,0,1
pkce_downgrade,66,1,1,1,1,0,1,1,1,1,1,1,1,1,0,0,0,0,1,0,0,0,0,1,0,1,0,0,1,0,2,1,0,1,0,1,1,0,1,3,pkce_downgrade,0,0,0,1,0,0,0,0,0,0,0,0,1
pkce_downgrade,67,1,1,1,1,0,1,1,1,1,1,1,1,1,0,0,0,0,1,0,0,0,0,1,0,1,0,0,1,0,2,1,0,1,0,1,1,0,1,3,pkce_downgrade,0,0,0,1,0,0,0,0,0,0,0,0,1
pkce_downgrade,68,1,1,1,1,0,1,1,1,1,1,1,1,1,0,0,0,0,1,0,0,0,0,1,0,1,0,0,1,0,2,1,0,1,0,1,1,0,1,3,pkce_downgrade,0,0,0,1,0,0,0,0,0,0,0,0,1
pkce_downgrade,69,1,1,1,1,0,1,1,1,1,1,1,1,1,0,0,0,0,1,0,0,0,0,1,0,1,0,0,1,0,2,1,0,1,0,1,1,0,1,3,pkce_downgrade,0,0,0,1,0,0,0,0,0,0,0,0,1
pkce_downgrade,7,1,1,1,1,0,1,1,1,1,1,1,1,1,0,0,0,0,1,0,0,0,0,1,0,1,0,0,1,0,2,1,0,1,0,1,1,0,1,3,pkce_downgrade,0,0,0,1,0,0,0,0,0,0,0,0,1
pkce_downgrade,70,1,1,1,1,0,1,1,1,1,1,1,1,1,0,0,0,0,1,0,0,0,0,1,0,1,0,0,1,0,2,1,0,1,0,1,1,0,1,3,pkce_downgrade,0,0,0,1,0,0,0,0,0,0,0,0,1
pkce_downgrade,71,1,1,1,1,0,1,1,1,1,1,1,1,1,0,0,0,0,1,0,0,0,0,1,0,1,0,0,1,0,2,1,0,1,0,1,1,0,1,3,pkce_downgrade,0,0,0,1,0,0,0,0,0,0,0,0,1
pkce_downgrade,72,1,1,1,1,0,1,1,1,1,1,1,1,1,0,0,0,0,1,0,0,0,0,1,0,1,0,0,1,0,2,1,0,1,0,1,1,0,1,3,pkce_downgrade,0,0,0,1,0,0,0,0,0,0,0,0,1
pkce_downgrade,73,1,1,1,1,0,1,1,1,1,1,1,1,1,0,0,0,0,1,0,0,0,0,1,0,1,0,0,1,0,2,1,0,1,0,1,1,0,1,3,pkce_downgrade,0,0,0,1,0,0,0,0,0,0,0,0,1
pkce_downgrade,74,1,1,1,1,0,1,1,1,1,1,1,1,1,0,0,0,0,1,0,0,0,0,1,0,1,0,0,1,0,2,1,0,1,0,1,1,0,1,3,pkce_downgrade,0,0,0,1,0,0,0,0,0,0,0,0,1
pkce_downgrade,75,1,1,1,1,0,1,1,1,1,1,1,1,1,0,0,0,0,1,0,0,0,0,1,0,1,0,0,1,0,2,1,0,1,0,1,1,0,1,3,pkce_downgrade,0,0,0,1,0,0,0,0,0,0,0,0,1
pkce_downgrade,76,1,1,1,1,0,1,1,1,1,1,1,1,1,0,0,0,0,1,0,0,0,0,1,0,1,0,0,1,0,2,1,0,1,0,1,1,0,1,3,pkce_downgrade,0,0,0,1,0,0,0,0,0,0,0,0,1
pkce_downgrade,77,1,1,1,1,0,1,1,1,1,1,1,1,1,0,0,0,0,1,0,0,0,0,1,0,1,0,0,1,0,2,1,0,1,0,1,1,0,1,3,pkce_downgrade,0,0,0,1,0,0,0,0,0,0,0,0,1
pkce_downgrade,78,1,1,1,1,0,1,1,1,1,1,1,1,1,0,0,0,0,1,0,0,0,0,1,0,1,0,0,1,0,2,1,0,1,0,1,1,0,1,3,pkce_downgrade,0,0,0,1,0,0,0,0,0,0,0,0,1
pkce_downgrade,79,1,1,1,1,0,1,1,1,1,1,1,1,1,0,0,0,0,1,0,0,0,0,1,0,1,0,0,1,0,2,1,0,1,0,1,1,0,1,3,pkce_downgrade,0,0,0,1,0,0,0,0,0,0,0,0,1
pkce_downgrade,8,1,1,1,1,0,1,1,1,1,1,1,1,1,0,0,0,0,1,0,0,0,0,1,0,1,0,0,1,0,2,1,0,1,0,1,1,0,1,3,pkce_downgrade,0,0,0,1,0,0,0,0,0,0,0,0,1
pkce_downgrade,80,1,1,1,1,0,1,1,1,1,1,1,1,1,0,0,0,0,1,0,0,0,0,1,0,1,0,0,1,0,2,1,0,1,0,1,1,0,1,3,pkce_downgrade,0,0,0,1,0,0,0,0,0,0,0,0,1
pkce_downgrade,81,1,1,1,1,0,1,1,1,1,1,1,1,1,0,0,0,0,1,0,0,0,0,1,0,1,0,0,1,0,2,1,0,1,0,1,1,0,1,3,pkce_downgrade,0,0,0,1,0,0,0,0,0,0,0,0,1
pkce_downgrade,82,1,1,1,1,0,1,1,1,1,1,1,1,1,0,0,0,0,1,0,0,0,0,1,0,1,0,0,1,0,2,1,0,1,0,1,1,0,1,3,pkce_downgrade,0,0,0,1,0,0,0,0,0,0,0,0,1
pkce_downgrade,83,1,1,1,1,0,1,1,1,1,1,1,1,1,0,0,0,0,1,0,0,0,0,1,0,1,0,0,1,0,2,1,0,1,0,1,1,0,1,3,pkce_downgrade,0,0,0,1,0,0,0,0,0,0,0,0,1
pkce_downgrade,84,1,1,1,1,0,1,1,1,1,1,1,1,1,0,0,0,0,1,0,0,0,0,1,0,1,0,0,1,0,2,1,0,1,0,1,1,0,1,3,pkce_downgrade,0,0,0,1,0,0,0,0,0,0,0,0,1
pkce_downgrade,85,1,1,1,1,0,1,1,1,1,1,1,1,1,0,0,0,0,1,0,0,0,0,1,0,1,0,0,1,0,2,1,0,1,0,1,1,0,1,3,pkce_downgrade,0,0,0,1,0,0,0,0,0,0,0,0,1
pkce_downgrade,86,1,1,1,1,0,1,1,1,1,1,1,1,1,0,0,0,0,1,0,0,0,0,1,0,1,0,0,1,0,2,1,0,1,0,1,1,0,1,3,pkce_downgrade,0,0,0,1,0,0,0,0,0,0,0,0,1
pkce_downgrade,87,1,1,1,1,0,1,1,1,1,1,1,1,1,0,0,0,0,1,0,0,0,0,1,0,1,0,0,1,0,2,1,0,1,0,1,1,0,1,3,pkce_downgrade,0,0,0,1,0,0,0,0,0,0,0,0,1
pkce_downgrade,88,1,1,1,1,0,1,1,1,1,1,1,1,1,0,0,0,0,1,0,0,0,0,1,0,1,0,0,1,0,2,1,0,1,0,1,1,0,1,3,pkce_downgrade,0,0,0,1,0,0,0,0,0,0,0,0,1
pkce_downgrade,89,1,1,1,1,0,1,1,1,1,1,1,1,1,0,0,0,0,1,0,0,0,0,1,0,1,0,0,1,0,2,1,0,1,0,1,1,0,1,3,pkce_downgrade,0,0,0,1,0,0,0,0,0,0,0,0,1
pkce_downgrade,9,1,1,1,1,0,1,1,1,1,1,1,1,1,0,0,0,0,1,0,0,0,0,1,0,1,0,0,1,0,2,1,0,1,0,1,1,0,1,3,pkce_downgrade,0,0,0,1,0,0,0,0,0,0,0,0,1
pkce_downgrade,90,1,1,1,1,0,1,1,1,1,1,1,1,1,0,0,0,0,1,0,0,0,0,1,0,1,0,0,1,0,2,1,0,1,0,1,1,0,1,3,pkce_downgrade,0,0,0,1,0,0,0,0,0,0,0,0,1
pkce_downgrade,91,1,1,1,1,0,1,1,1,1,1,1,1,1,0,0,0,0,1,0,0,0,0,1,0,1,0,0,1,0,2,1,0,1,0,1,1,0,1,3,pkce_downgrade,0,0,0,1,0,0,0,0,0,0,0,0,1
pkce_downgrade,92,1,1,1,1,0,1,1,1,1,1,1,1,1,0,0,0,0,1,0,0,0,0,1,0,1,0,0,1,0,2,1,0,1,0,1,1,0,1,3,pkce_downgrade,0,0,0,1,0,0,0,0,0,0,0,0,1
pkce_downgrade,93,1,1,1,1,0,1,1,1,1,1,1,1,1,0,0,0,0,1,0,0,0,0,1,0,1,0,0,1,0,2,1,0,1,0,1,1,0,1,3,pkce_downgrade,0,0,0,1,0,0,0,0,0,0,0,0,1
pkce_downgrade,94,1,1,1,1,0,1,1,1,1,1,1,1,1,0,0,0,0,1,0,0,0,0,1,0,1,0,0,1,0,2,1,0,1,0,1,1,0,1,3,pkce_downgrade,0,0,0,1,0,0,0,0,0,0,0,0,1
pkce_downgrade,95,1,1,1,1,0,1,1,1,1,1,1,1,1,0,0,0,0,1,0,0,0,0,1,0,1,0,0,1,0,2,1,0,1,0,1,1,0,1,3,pkce_downgrade,0,0,0,1,0,0,0,0,0,0,0,0,1
pkce_downgrade,96,1,1,1,1,0,1,1,1,1,1,1,1,1,0,0,0,0,1,0,0,0,0,1,0,1,0,0,1,0,2,1,0,1,0,1,1,0,1,3,pkce_downgrade,0,0,0,1,0,0,0,0,0,0,0,0,1
pkce_downgrade,97,1,1,1,1,0,1,1,1,1,1,1,1,1,0,0,0,0,1,0,0,0,0,1,0,1,0,0,1,0,2,1,0,1,0,1,1,0,1,3,pkce_downgrade,0,0,0,1,0,0,0,0,0,0,0,0,1
pkce_downgrade,98,1,1,1,1,0,1,1,1,1,1,1,1,1,0,0,0,0,1,0,0,0,0,1,0,1,0,0,1,0,2,1,0,1,0,1,1,0,1,3,pkce_downgrade,0,0,0,1,0,0,0,0,0,0,0,0,1
pkce_downgrade,99,1,1,1,1,0,1,1,1,1,1,1,1,1,0,0,0,0,1,0,0,0,0,1,0,1,0,0,1,0,2,1,0,1,0,1,1,0,1,3,pkce_downgrade,0,0,0,1,0,0,0,0,0,0,0,0,1
redirect_flaw_misconfig,1,1,1,0,1,1,1,2,1,1,1,1,1,1,0,0,0,0,1,0,0,0,0,1,0,1,0,0,1,0,2,1,0,1,1,1,1,0,1,5,redirect_flaw_misconfig,0,1,0,0,0,0,0,1,0,0,0,0,1
redirect_flaw_misconfig,10,1,1,0,1,1,1,2,1,1,1,1,1,1,0,0,0,0,1,0,0,0,0,1,0,1,0,0,1,0,2,1,0,1,1,1,1,0,1,5,redirect_flaw_misconfig,0,1,0,0,0,0,0,1,0,0,0,0,1
redirect_flaw_misconfig,100,1,1,0,1,1,1,2,1,1,1,1,1,1,0,0,0,0,1,0,0,0,0,1,0,1,0,0,1,0,2,1,0,1,1,1,1,0,1,5,redirect_flaw_misconfig,0,1,0,0,0,0,0,1,0,0,0,0,1
redirect_flaw_misconfig,101,1,1,0,1,1,1,2,1,1,1,1,1,1,0,0,0,0,1,0,0,0,0,1,0,1,0,0,1,0,2,1,0,1,1,1,1,0,1,5,redirect_flaw_misconfig,0,1,0,0,0,0,0,1,0,0,0,0,1
redirect_flaw_misconfig,102,1,1,0,1,1,1,2,1,1,1,1,1,1,0,0,0,0,1,0,0,0,0,1,0,1,0,0,1,0,2,1,0,1,1,1,1,0,1,5,redirect_flaw_misconfig,0,1,0,0,0,0,0,1,0,0,0,0,1
redirect_flaw_misconfig,103,1,1,0,1,1,1,2,1,1,1,1,1,1,0,0,0,0,1,0,0,0,0,1,0,1,0,0,1,0,2,1,0,1,1,1,1,0,1,5,redirect_flaw_misconfig,0,1,0,0,0,0,0,1,0,0,0,0,1
redirect_flaw_misconfig,104,1,1,0,1,1,1,2,1,1,1,1,1,1,0,0,0,0,1,0,0,0,0,1,0,1,0,0,1,0,2,1,0,1,1,1,1,0,1,5,redirect_flaw_misconfig,0,1,0,0,0,0,0,1,0,0,0,0,1
redirect_flaw_misconfig,105,1,1,0,1,1,1,2,1,1,1,1,1,1,0,0,0,0,1,0,0,0,0,1,0,1,0,0,1,0,2,1,0,1,1,1,1,0,1,5,redirect_flaw_misconfig,0,1,0,0,0,0,0,1,0,0,0,0,1
redirect_flaw_misconfig,106,1,1,0,1,1,1,2,1,1,1,1,1,1,0,0,0,0,1,0,0,0,0,1,0,1,0,0,1,0,2,1,0,1,1,1,1,0,1,5,redirect_flaw_misconfig,0,1,0,0,0,0,0,1,0,0,0,0,1
redirect_flaw_misconfig,107,1,1,0,1,1,1,2,1,1,1,1,1,1,0,0,0,0,1,0,0,0,0,1,0,1,0,0,1,0,2,1,0,1,1,1,1,0,1,5,redirect_flaw_misconfig,0,1,0,0,0,0,0,1,0,0,0,0,1
redirect_flaw_misconfig,108,1,1,0,1,1,1,2,1,1,1,1,1,1,0,0,0,0,1,0,0,0,0,1,0,1,0,0,1,0,2,1,0,1,1,1,1,0,1,5,redirect_flaw_misconfig,0,1,0,0,0,0,0,1,0,0,0,0,1
redirect_flaw_misconfig,109,1,1,0,1,1,1,2,1,1,1,1,1,1,0,0,0,0,1,0,0,0,0,1,0,1,0,0,1,0,2,1,0,1,1,1,1,0,1,5,redirect_flaw_misconfig,0,1,0,0,0,0,0,1,0,0,0,0,1
redirect_flaw_misconfig,11,1,1,0,1,1,1,2,1,1,1,1,1,1,0,0,0,0,1,0,0,0,0,1,0,1,0,0,1,0,2,1,0,1,1,1,1,0,1,5,redirect_flaw_misconfig,0,1,0,0,0,0,0,1,0,0,0,0,1
redirect_flaw_misconfig,110,1,1,0,1,1,1,2,1,1,1,1,1,1,0,0,0,0,1,0,0,0,0,1,0,1,0,0,1,0,2,1,0,1,1,1,1,0,1,5,redirect_flaw_misconfig,0,1,0,0,0,0,0,1,0,0,0,0,1
redirect_flaw_misconfig,111,1,1,0,1,1,1,2,1,1,1,1,1,1,0,0,0,0,1,0,0,0,0,1,0,1,0,0,1,0,2,1,0,1,1,1,1,0,1,5,redirect_flaw_misconfig,0,1,0,0,0,0,0,1,0,0,0,0,1
redirect_flaw_misconfig,112,1,1,0,1,1,1,2,1,1,1,1,1,1,0,0,0,0,1,0,0,0,0,1,0,1,0,0,1,0,2,1,0,1,1,1,1,0,1,5,redirect_flaw_misconfig,0,1,0,0,0,0,0,1,0,0,0,0,1
redirect_flaw_misconfig,113,1,1,0,1,1,1,2,1,1,1,1,1,1,0,0,0,0,1,0,0,0,0,1,0,1,0,0,1,0,2,1,0,1,1,1,1,0,1,5,redirect_flaw_misconfig,0,1,0,0,0,0,0,1,0,0,0,0,1
redirect_flaw_misconfig,114,1,1,0,1,1,1,2,1,1,1,1,1,1,0,0,0,0,1,0,0,0,0,1,0,1,0,0,1,0,2,1,0,1,1,1,1,0,1,5,redirect_flaw_misconfig,0,1,0,0,0,0,0,1,0,0,0,0,1
redirect_flaw_misconfig,115,1,1,0,1,1,1,2,1,1,1,1,1,1,0,0,0,0,1,0,0,0,0,1,0,1,0,0,1,0,2,1,0,1,1,1,1,0,1,5,redirect_flaw_misconfig,0,1,0,0,0,0,0,1,0,0,0,0,1
redirect_flaw_misconfig,116,1,1,0,1,1,1,2,1,1,1,1,1,1,0,0,0,0,1,0,0,0,0,1,0,1,0,0,1,0,2,1,0,1,1,1,1,0,1,5,redirect_flaw_misconfig,0,1,0,0,0,0,0,1,0,0,0,0,1
redirect_flaw_misconfig,117,1,1,0,1,1,1,2,1,1,1,1,1,1,0,0,0,0,1,0,0,0,0,1,0,1,0,0,1,0,2,1,0,1,1,1,1,0,1,5,redirect_flaw_misconfig,0,1,0,0,0,0,0,1,0,0,0,0,1
redirect_flaw_misconfig,118,1,1,0,1,1,1,2,1,1,1,1,1,1,0,0,0,0,1,0,0,0,0,1,0,1,0,0,1,0,2,1,0,1,1,1,1,0,1,5,redirect_flaw_misconfig,0,1,0,0,0,0,0,1,0,0,0,0,1
redirect_flaw_misconfig,119,1,1,0,1,1,1,2,1,1,1,1,1,1,0,0,0,0,1,0,0,0,0,1,0,1,0,0,1,0,2,1,0,1,1,1,1,0,1,5,redirect_flaw_misconfig,0,1,0,0,0,0,0,1,0,0,0,0,1
redirect_flaw_misconfig,12,1,1,0,1,1,1,2,1,1,1,1,1,1,0,0,0,0,1,0,0,0,0,1,0,1,0,0,1,0,2,1,0,1,1,1,1,0,1,5,redirect_flaw_misconfig,0,1,0,0,0,0,0,1,0,0,0,0,1
redirect_flaw_misconfig,120,1,1,0,1,1,1,2,1,1,1,1,1,1,0,0,0,0,1,0,0,0,0,1,0,1,0,0,1,0,2,1,0,1,1,1,1,0,1,5,redirect_flaw_misconfig,0,1,0,0,0,0,0,1,0,0,0,0,1
redirect_flaw_misconfig,121,1,1,0,1,1,1,2,1,1,1,1,1,1,0,0,0,0,1,0,0,0,0,1,0,1,0,0,1,0,2,1,0,1,1,1,1,0,1,5,redirect_flaw_misconfig,0,1,0,0,0,0,0,1,0,0,0,0,1
redirect_flaw_misconfig,122,1,1,0,1,1,1,2,1,1,1,1,1,1,0,0,0,0,1,0,0,0,0,1,0,1,0,0,1,0,2,1,0,1,1,1,1,0,1,5,redirect_flaw_misconfig,0,1,0,0,0,0,0,1,0,0,0,0,1
redirect_flaw_misconfig,123,1,1,0,1,1,1,2,1,1,1,1,1,1,0,0,0,0,1,0,0,0,0,1,0,1,0,0,1,0,2,1,0,1,1,1,1,0,1,5,redirect_flaw_misconfig,0,1,0,0,0,0,0,1,0,0,0,0,1
redirect_flaw_misconfig,124,1,1,0,1,1,1,2,1,1,1,1,1,1,0,0,0,0,1,0,0,0,0,1,0,1,0,0,1,0,2,1,0,1,1,1,1,0,1,5,redirect_flaw_misconfig,0,1,0,0,0,0,0,1,0,0,0,0,1
redirect_flaw_misconfig,125,1,1,0,1,1,1,2,1,1,1,1,1,1,0,0,0,0,1,0,0,0,0,1,0,1,0,0,1,0,2,1,0,1,1,1,1,0,1,5,redirect_flaw_misconfig,0,1,0,0,0,0,0,1,0,0,0,0,1
redirect_flaw_misconfig,13,1,1,0,1,1,1,2,1,1,1,1,1,1,0,0,0,0,1,0,0,0,0,1,0,1,0,0,1,0,2,1,0,1,1,1,1,0,1,5,redirect_flaw_misconfig,0,1,0,0,0,0,0,1,0,0,0,0,1
redirect_flaw_misconfig,14,1,1,0,1,1,1,2,1,1,1,1,1,1,0,0,0,0,1,0,0,0,0,1,0,1,0,0,1,0,2,1,0,1,1,1,1,0,1,5,redirect_flaw_misconfig,0,1,0,0,0,0,0,1,0,0,0,0,1
redirect_flaw_misconfig,15,1,1,0,1,1,1,2,1,1,1,1,1,1,0,0,0,0,1,0,0,0,0,1,0,1,0,0,1,0,2,1,0,1,1,1,1,0,1,5,redirect_flaw_misconfig,0,1,0,0,0,0,0,1,0,0,0,0,1
redirect_flaw_misconfig,16,1,1,0,1,1,1,2,1,1,1,1,1,1,0,0,0,0,1,0,0,0,0,1,0,1,0,0,1,0,2,1,0,1,1,1,1,0,1,5,redirect_flaw_misconfig,0,1,0,0,0,0,0,1,0,0,0,0,1
redirect_flaw_misconfig,17,1,1,0,1,1,1,2,1,1,1,1,1,1,0,0,0,0,1,0,0,0,0,1,0,1,0,0,1,0,2,1,0,1,1,1,1,0,1,5,redirect_flaw_misconfig,0,1,0,0,0,0,0,1,0,0,0,0,1
redirect_flaw_misconfig,18,1,1,0,1,1,1,2,1,1,1,1,1,1,0,0,0,0,1,0,0,0,0,1,0,1,0,0,1,0,2,1,0,1,1,1,1,0,1,5,redirect_flaw_misconfig,0,1,0,0,0,0,0,1,0,0,0,0,1
redirect_flaw_misconfig,19,1,1,0,1,1,1,2,1,1,1,1,1,1,0,0,0,0,1,0,0,0,0,1,0,1,0,0,1,0,2,1,0,1,1,1,1,0,1,5,redirect_flaw_misconfig,0,1,0,0,0,0,0,1,0,0,0,0,1
redirect_flaw_misconfig,2,1,1,0,1,1,1,2,1,1,1,1,1,1,0,0,0,0,1,0,0,0,0,1,0,1,0,0,1,0,2,1,0,1,1,1,1,0,1,5,redirect_flaw_misconfig,0,1,0,0,0,0,0,1,0,0,0,0,1
redirect_flaw_misconfig,20,1,1,0,1,1,1,2,1,1,1,1,1,1,0,0,0,0,1,0,0,0,0,1,0,1,0,0,1,0,2,1,0,1,1,1,1,0,1,5,redirect_flaw_misconfig,0,1,0,0,0,0,0,1,0,0,0,0,1
redirect_flaw_misconfig,21,1,1,0,1,1,1,2,1,1,1,1,1,1,0,0,0,0,1,0,0,0,0,1,0,1,0,0,1,0,2,1,0,1,1,1,1,0,1,5,redirect_flaw_misconfig,0,1,0,0,0,0,0,1,0,0,0,0,1
redirect_flaw_misconfig,22,1,1,0,1,1,1,2,1,1,1,1,1,1,0,0,0,0,1,0,0,0,0,1,0,1,0,0,1,0,2,1,0,1,1,1,1,0,1,5,redirect_flaw_misconfig,0,1,0,0,0,0,0,1,0,0,0,0,1
redirect_flaw_misconfig,23,1,1,0,1,1,1,2,1,1,1,1,1,1,0,0,0,0,1,0,0,0,0,1,0,1,0,0,1,0,2,1,0,1,1,1,1,0,1,5,redirect_flaw_misconfig,0,1,0,0,0,0,0,1,0,0,0,0,1
redirect_flaw_misconfig,24,1,1,0,1,1,1,2,1,1,1,1,1,1,0,0,0,0,1,0,0,0,0,1,0,1,0,0,1,0,2,1,0,1,1,1,1,0,1,5,redirect_flaw_misconfig,0,1,0,0,0,0,0,1,0,0,0,0,1
redirect_flaw_misconfig,25,1,1,0,1,1,1,2,1,1,1,1,1,1,0,0,0,0,1,0,0,0,0,1,0,1,0,0,1,0,2,1,0,1,1,1,1,0,1,5,redirect_flaw_misconfig,0,1,0,0,0,0,0,1,0,0,0,0,1
redirect_flaw_misconfig,26,1,1,0,1,1,1,2,1,1,1,1,1,1,0,0,0,0,1,0,0,0,0,1,0,1,0,0,1,0,2,1,0,1,1,1,1,0,1,5,redirect_flaw_misconfig,0,1,0,0,0,0,0,1,0,0,0,0,1
redirect_flaw_misconfig,27,1,1,0,1,1,1,2,1,1,1,1,1,1,0,0,0,0,1,0,0,0,0,1,0,1,0,0,1,0,2,1,0,1,1,1,1,0,1,5,redirect_flaw_misconfig,0,1,0,0,0,0,0,1,0,0,0,0,1
redirect_flaw_misconfig,28,1,1,0,1,1,1,2,1,1,1,1,1,1,0,0,0,0,1,0,0,0,0,1,0,1,0,0,1,0,2,1,0,1,1,1,1,0,1,5,redirect_flaw_misconfig,0,1,0,0,0,0,0,1,0,0,0,0,1
redirect_flaw_misconfig,29,1,1,0,1,1,1,2,1,1,1,1,1,1,0,0,0,0,1,0,0,0,0,1,0,1,0,0,1,0,2,1,0,1,1,1,1,0,1,5,redirect_flaw_misconfig,0,1,0,0,0,0,0,1,0,0,0,0,1
redirect_flaw_misconfig,3,1,1,0,1,1,1,2,1,1,1,1,1,1,0,0,0,0,1,0,0,0,0,1,0,1,0,0,1,0,2,1,0,1,1,1,1,0,1,5,redirect_flaw_misconfig,0,1,0,0,0,0,0,1,0,0,0,0,1
redirect_flaw_misconfig,30,1,1,0,1,1,1,2,1,1,1,1,1,1,0,0,0,0,1,0,0,0,0,1,0,1,0,0,1,0,2,1,0,1,1,1,1,0,1,5,redirect_flaw_misconfig,0,1,0,0,0,0,0,1,0,0,0,0,1
redirect_flaw_misconfig,31,1,1,0,1,1,1,2,1,1,1,1,1,1,0,0,0,0,1,0,0,0,0,1,0,1,0,0,1,0,2,1,0,1,1,1,1,0,1,5,redirect_flaw_misconfig,0,1,0,0,0,0,0,1,0,0,0,0,1
redirect_flaw_misconfig,32,1,1,0,1,1,1,2,1,1,1,1,1,1,0,0,0,0,1,0,0,0,0,1,0,1,0,0,1,0,2,1,0,1,1,1,1,0,1,5,redirect_flaw_misconfig,0,1,0,0,0,0,0,1,0,0,0,0,1
redirect_flaw_misconfig,33,1,1,0,1,1,1,2,1,1,1,1,1,1,0,0,0,0,1,0,0,0,0,1,0,1,0,0,1,0,2,1,0,1,1,1,1,0,1,5,redirect_flaw_misconfig,0,1,0,0,0,0,0,1,0,0,0,0,1
redirect_flaw_misconfig,34,1,1,0,1,1,1,2,1,1,1,1,1,1,0,0,0,0,1,0,0,0,0,1,0,1,0,0,1,0,2,1,0,1,1,1,1,0,1,5,redirect_flaw_misconfig,0,1,0,0,0,0,0,1,0,0,0,0,1
redirect_flaw_misconfig,35,1,1,0,1,1,1,2,1,1,1,1,1,1,0,0,0,0,1,0,0,0,0,1,0,1,0,0,1,0,2,1,0,1,1,1,1,0,1,5,redirect_flaw_misconfig,0,1,0,0,0,0,0,1,0,0,0,0,1
redirect_flaw_misconfig,36,1,1,0,1,1,1,2,1,1,1,1,1,1,0,0,0,0,1,0,0,0,0,1,0,1,0,0,1,0,2,1,0,1,1,1,1,0,1,5,redirect_flaw_misconfig,0,1,0,0,0,0,0,1,0,0,0,0,1
redirect_flaw_misconfig,37,1,1,0,1,1,1,2,1,1,1,1,1,1,0,0,0,0,1,0,0,0,0,1,0,1,0,0,1,0,2,1,0,1,1,1,1,0,1,5,redirect_flaw_misconfig,0,1,0,0,0,0,0,1,0,0,0,0,1
redirect_flaw_misconfig,38,1,1,0,1,1,1,2,1,1,1,1,1,1,0,0,0,0,1,0,0,0,0,1,0,1,0,0,1,0,2,1,0,1,1,1,1,0,1,5,redirect_flaw_misconfig,0,1,0,0,0,0,0,1,0,0,0,0,1
redirect_flaw_misconfig,39,1,1,0,1,1,1,2,1,1,1,1,1,1,0,0,0,0,1,0,0,0,0,1,0,1,0,0,1,0,2,1,0,1,1,1,1,0,1,5,redirect_flaw_misconfig,0,1,0,0,0,0,0,1,0,0,0,0,1
redirect_flaw_misconfig,4,1,1,0,1,1,1,2,1,1,1,1,1,1,0,0,0,0,1,0,0,0,0,1,0,1,0,0,1,0,2,1,0,1,1,1,1,0,1,5,redirect_flaw_misconfig,0,1,0,0,0,0,0,1,0,0,0,0,1
redirect_flaw_misconfig,40,1,1,0,1,1,1,2,1,1,1,1,1,1,0,0,0,0,1,0,0,0,0,1,0,1,0,0,1,0,2,1,0,1,1,1,1,0,1,5,redirect_flaw_misconfig,0,1,0,0,0,0,0,1,0,0,0,0,1
redirect_flaw_misconfig,41,1,1,0,1,1,1,2,1,1,1,1,1,1,0,0,0,0,1,0,0,0,0,1,0,1,0,0,1,0,2,1,0,1,1,1,1,0,1,5,redirect_flaw_misconfig,0,1,0,0,0,0,0,1,0,0,0,0,1
redirect_flaw_misconfig,42,1,1,0,1,1,1,2,1,1,1,1,1,1,0,0,0,0,1,0,0,0,0,1,0,1,0,0,1,0,2,1,0,1,1,1,1,0,1,5,redirect_flaw_misconfig,0,1,0,0,0,0,0,1,0,0,0,0,1
redirect_flaw_misconfig,43,1,1,0,1,1,1,2,1,1,1,1,1,1,0,0,0,0,1,0,0,0,0,1,0,1,0,0,1,0,2,1,0,1,1,1,1,0,1,5,redirect_flaw_misconfig,0,1,0,0,0,0,0,1,0,0,0,0,1
redirect_flaw_misconfig,44,1,1,0,1,1,1,2,1,1,1,1,1,1,0,0,0,0,1,0,0,0,0,1,0,1,0,0,1,0,2,1,0,1,1,1,1,0,1,5,redirect_flaw_misconfig,0,1,0,0,0,0,0,1,0,0,0,0,1
redirect_flaw_misconfig,45,1,1,0,1,1,1,2,1,1,1,1,1,1,0,0,0,0,1,0,0,0,0,1,0,1,0,0,1,0,2,1,0,1,1,1,1,0,1,5,redirect_flaw_misconfig,0,1,0,0,0,0,0,1,0,0,0,0,1
redirect_flaw_misconfig,46,1,1,0,1,1,1,2,1,1,1,1,1,1,0,0,0,0,1,0,0,0,0,1,0,1,0,0,1,0,2,1,0,1,1,1,1,0,1,5,redirect_flaw_misconfig,0,1,0,0,0,0,0,1,0,0,0,0,1
redirect_flaw_misconfig,47,1,1,0,1,1,1,2,1,1,1,1,1,1,0,0,0,0,1,0,0,0,0,1,0,1,0,0,1,0,2,1,0,1,1,1,1,0,1,5,redirect_flaw_misconfig,0,1,0,0,0,0,0,1,0,0,0,0,1
redirect_flaw_misconfig,48,1,1,0,1,1,1,2,1,1,1,1,1,1,0,0,0,0,1,0,0,0,0,1,0,1,0,0,1,0,2,1,0,1,1,1,1,0,1,5,redirect_flaw_misconfig,0,1,0,0,0,0,0,1,0,0,0,0,1
redirect_flaw_misconfig,49,1,1,0,1,1,1,2,1,1,1,1,1,1,0,0,0,0,1,0,0,0,0,1,0,1,0,0,1,0,2,1,0,1,1,1,1,0,1,5,redirect_flaw_misconfig,0,1,0,0,0,0,0,1,0,0,0,0,1
redirect_flaw_misconfig,5,1,1,0,1,1,1,2,1,1,1,1,1,1,0,0,0,0,1,0,0,0,0,1,0,1,0,0,1,0,2,1,0,1,1,1,1,0,1,5,redirect_flaw_misconfig,0,1,0,0,0,0,0,1,0,0,0,0,1
redirect_flaw_misconfig,50,1,1,0,1,1,1,2,1,1,1,1,1,1,0,0,0,0,1,0,0,0,0,1,0,1,0,0,1,0,2,1,0,1,1,1,1,0,1,5,redirect_flaw_misconfig,0,1,0,0,0,0,0,1,0,0,0,0,1
redirect_flaw_misconfig,51,1,1,0,1,1,1,2,1,1,1,1,1,1,0,0,0,0,1,0,0,0,0,1,0,1,0,0,1,0,2,1,0,1,1,1,1,0,1,5,redirect_flaw_misconfig,0,1,0,0,0,0,0,1,0,0,0,0,1
redirect_flaw_misconfig,52,1,1,0,1,1,1,2,1,1,1,1,1,1,0,0,0,0,1,0,0,0,0,1,0,1,0,0,1,0,2,1,0,1,1,1,1,0,1,5,redirect_flaw_misconfig,0,1,0,0,0,0,0,1,0,0,0,0,1
redirect_flaw_misconfig,53,1,1,0,1,1,1,2,1,1,1,1,1,1,0,0,0,0,1,0,0,0,0,1,0,1,0,0,1,0,2,1,0,1,1,1,1,0,1,5,redirect_flaw_misconfig,0,1,0,0,0,0,0,1,0,0,0,0,1
redirect_flaw_misconfig,54,1,1,0,1,1,1,2,1,1,1,1,1,1,0,0,0,0,1,0,0,0,0,1,0,1,0,0,1,0,2,1,0,1,1,1,1,0,1,5,redirect_flaw_misconfig,0,1,0,0,0,0,0,1,0,0,0,0,1
redirect_flaw_misconfig,55,1,1,0,1,1,1,2,1,1,1,1,1,1,0,0,0,0,1,0,0,0,0,1,0,1,0,0,1,0,2,1,0,1,1,1,1,0,1,5,redirect_flaw_misconfig,0,1,0,0,0,0,0,1,0,0,0,0,1
redirect_flaw_misconfig,56,1,1,0,1,1,1,2,1,1,1,1,1,1,0,0,0,0,1,0,0,0,0,1,0,1,0,0,1,0,2,1,0,1,1,1,1,0,1,5,redirect_flaw_misconfig,0,1,0,0,0,0,0,1,0,0,0,0,1
redirect_flaw_misconfig,57,1,1,0,1,1,1,2,1,1,1,1,1,1,0,0,0,0,1,0,0,0,0,1,0,1,0,0,1,0,2,1,0,1,1,1,1,0,1,5,redirect_flaw_misconfig,0,1,0,0,0,0,0,1,0,0,0,0,1
redirect_flaw_misconfig,58,1,1,0,1,1,1,2,1,1,1,1,1,1,0,0,0,0,1,0,0,0,0,1,0,1,0,0,1,0,2,1,0,1,1,1,1,0,1,5,redirect_flaw_misconfig,0,1,0,0,0,0,0,1,0,0,0,0,1
redirect_flaw_misconfig,59,1,1,0,1,1,1,2,1,1,1,1,1,1,0,0,0,0,1,0,0,0,0,1,0,1,0,0,1,0,2,1,0,1,1,1,1,0,1,5,redirect_flaw_misconfig,0,1,0,0,0,0,0,1,0,0,0,0,1
redirect_flaw_misconfig,6,1,1,0,1,1,1,2,1,1,1,1,1,1,0,0,0,0,1,0,0,0,0,1,0,1,0,0,1,0,2,1,0,1,1,1,1,0,1,5,redirect_flaw_misconfig,0,1,0,0,0,0,0,1,0,0,0,0,1
redirect_flaw_misconfig,60,1,1,0,1,1,1,2,1,1,1,1,1,1,0,0,0,0,1,0,0,0,0,1,0,1,0,0,1,0,2,1,0,1,1,1,1,0,1,5,redirect_flaw_misconfig,0,1,0,0,0,0,0,1,0,0,0,0,1
redirect_flaw_misconfig,61,1,1,0,1,1,1,2,1,1,1,1,1,1,0,0,0,0,1,0,0,0,0,1,0,1,0,0,1,0,2,1,0,1,1,1,1,0,1,5,redirect_flaw_misconfig,0,1,0,0,0,0,0,1,0,0,0,0,1
redirect_flaw_misconfig,62,1,1,0,1,1,1,2,1,1,1,1,1,1,0,0,0,0,1,0,0,0,0,1,0,1,0,0,1,0,2,1,0,1,1,1,1,0,1,5,redirect_flaw_misconfig,0,1,0,0,0,0,0,1,0,0,0,0,1
redirect_flaw_misconfig,63,1,1,0,1,1,1,2,1,1,1,1,1,1,0,0,0,0,1,0,0,0,0,1,0,1,0,0,1,0,2,1,0,1,1,1,1,0,1,5,redirect_flaw_misconfig,0,1,0,0,0,0,0,1,0,0,0,0,1
redirect_flaw_misconfig,64,1,1,0,1,1,1,2,1,1,1,1,1,1,0,0,0,0,1,0,0,0,0,1,0,1,0,0,1,0,2,1,0,1,1,1,1,0,1,5,redirect_flaw_misconfig,0,1,0,0,0,0,0,1,0,0,0,0,1
redirect_flaw_misconfig,65,1,1,0,1,1,1,2,1,1,1,1,1,1,0,0,0,0,1,0,0,0,0,1,0,1,0,0,1,0,2,1,0,1,1,1,1,0,1,5,redirect_flaw_misconfig,0,1,0,0,0,0,0,1,0,0,0,0,1
redirect_flaw_misconfig,66,1,1,0,1,1,1,2,1,1,1,1,1,1,0,0,0,0,1,0,0,0,0,1,0,1,0,0,1,0,2,1,0,1,1,1,1,0,1,5,redirect_flaw_misconfig,0,1,0,0,0,0,0,1,0,0,0,0,1
redirect_flaw_misconfig,67,1,1,0,1,1,1,2,1,1,1,1,1,1,0,0,0,0,1,0,0,0,0,1,0,1,0,0,1,0,2,1,0,1,1,1,1,0,1,5,redirect_flaw_misconfig,0,1,0,0,0,0,0,1,0,0,0,0,1
redirect_flaw_misconfig,68,1,1,0,1,1,1,2,1,1,1,1,1,1,0,0,0,0,1,0,0,0,0,1,0,1,0,0,1,0,2,1,0,1,1,1,1,0,1,5,redirect_flaw_misconfig,0,1,0,0,0,0,0,1,0,0,0,0,1
redirect_flaw_misconfig,69,1,1,0,1,1,1,2,1,1,1,1,1,1,0,0,0,0,1,0,0,0,0,1,0,1,0,0,1,0,2,1,0,1,1,1,1,0,1,5,redirect_flaw_misconfig,0,1,0,0,0,0,0,1,0,0,0,0,1
redirect_flaw_misconfig,7,1,1,0,1,1,1,2,1,1,1,1,1,1,0,0,0,0,1,0,0,0,0,1,0,1,0,0,1,0,2,1,0,1,1,1,1,0,1,5,redirect_flaw_misconfig,0,1,0,0,0,0,0,1,0,0,0,0,1
redirect_flaw_misconfig,70,1,1,0,1,1,1,2,1,1,1,1,1,1,0,0,0,0,1,0,0,0,0,1,0,1,0,0,1,0,2,1,0,1,1,1,1,0,1,5,redirect_flaw_misconfig,0,1,0,0,0,0,0,1,0,0,0,0,1
redirect_flaw_misconfig,71,1,1,0,1,1,1,2,1,1,1,1,1,1,0,0,0,0,1,0,0,0,0,1,0,1,0,0,1,0,2,1,0,1,1,1,1,0,1,5,redirect_flaw_misconfig,0,1,0,0,0,0,0,1,0,0,0,0,1
redirect_flaw_misconfig,72,1,1,0,1,1,1,2,1,1,1,1,1,1,0,0,0,0,1,0,0,0,0,1,0,1,0,0,1,0,2,1,0,1,1,1,1,0,1,5,redirect_flaw_misconfig,0,1,0,0,0,0,0,1,0,0,0,0,1
redirect_flaw_misconfig,73,1,1,0,1,1,1,2,1,1,1,1,1,1,0,0,0,0,1,0,0,0,0,1,0,1,0,0,1,0,2,1,0,1,1,1,1,0,1,5,redirect_flaw_misconfig,0,1,0,0,0,0,0,1,0,0,0,0,1
redirect_flaw_misconfig,74,1,1,0,1,1,1,2,1,1,1,1,1,1,0,0,0,0,1,0,0,0,0,1,0,1,0,0,1,0,2,1,0,1,1,1,1,0,1,5,redirect_flaw_misconfig,0,1,0,0,0,0,0,1,0,0,0,0,1
redirect_flaw_misconfig,75,1,1,0,1,1,1,2,1,1,1,1,1,1,0,0,0,0,1,0,0,0,0,1,0,1,0,0,1,0,2,1,0,1,1,1,1,0,1,5,redirect_flaw_misconfig,0,1,0,0,0,0,0,1,0,0,0,0,1
redirect_flaw_misconfig,76,1,1,0,1,1,1,2,1,1,1,1,1,1,0,0,0,0,1,0,0,0,0,1,0,1,0,0,1,0,2,1,0,1,1,1,1,0,1,5,redirect_flaw_misconfig,0,1,0,0,0,0,0,1,0,0,0,0,1
redirect_flaw_misconfig,77,1,1,0,1,1,1,2,1,1,1,1,1,1,0,0,0,0,1,0,0,0,0,1,0,1,0,0,1,0,2,1,0,1,1,1,1,0,1,5,redirect_flaw_misconfig,0,1,0,0,0,0,0,1,0,0,0,0,1
redirect_flaw_misconfig,78,1,1,0,1,1,1,2,1,1,1,1,1,1,0,0,0,0,1,0,0,0,0,1,0,1,0,0,1,0,2,1,0,1,1,1,1,0,1,5,redirect_flaw_misconfig,0,1,0,0,0,0,0,1,0,0,0,0,1
redirect_flaw_misconfig,79,1,1,0,1,1,1,2,1,1,1,1,1,1,0,0,0,0,1,0,0,0,0,1,0,1,0,0,1,0,2,1,0,1,1,1,1,0,1,5,redirect_flaw_misconfig,0,1,0,0,0,0,0,1,0,0,0,0,1
redirect_flaw_misconfig,8,1,1,0,1,1,1,2,1,1,1,1,1,1,0,0,0,0,1,0,0,0,0,1,0,1,0,0,1,0,2,1,0,1,1,1,1,0,1,5,redirect_flaw_misconfig,0,1,0,0,0,0,0,1,0,0,0,0,1
redirect_flaw_misconfig,80,1,1,0,1,1,1,2,1,1,1,1,1,1,0,0,0,0,1,0,0,0,0,1,0,1,0,0,1,0,2,1,0,1,1,1,1,0,1,5,redirect_flaw_misconfig,0,1,0,0,0,0,0,1,0,0,0,0,1
redirect_flaw_misconfig,81,1,1,0,1,1,1,2,1,1,1,1,1,1,0,0,0,0,1,0,0,0,0,1,0,1,0,0,1,0,2,1,0,1,1,1,1,0,1,5,redirect_flaw_misconfig,0,1,0,0,0,0,0,1,0,0,0,0,1
redirect_flaw_misconfig,82,1,1,0,1,1,1,2,1,1,1,1,1,1,0,0,0,0,1,0,0,0,0,1,0,1,0,0,1,0,2,1,0,1,1,1,1,0,1,5,redirect_flaw_misconfig,0,1,0,0,0,0,0,1,0,0,0,0,1
redirect_flaw_misconfig,83,1,1,0,1,1,1,2,1,1,1,1,1,1,0,0,0,0,1,0,0,0,0,1,0,1,0,0,1,0,2,1,0,1,1,1,1,0,1,5,redirect_flaw_misconfig,0,1,0,0,0,0,0,1,0,0,0,0,1
redirect_flaw_misconfig,84,1,1,0,1,1,1,2,1,1,1,1,1,1,0,0,0,0,1,0,0,0,0,1,0,1,0,0,1,0,2,1,0,1,1,1,1,0,1,5,redirect_flaw_misconfig,0,1,0,0,0,0,0,1,0,0,0,0,1
redirect_flaw_misconfig,85,1,1,0,1,1,1,2,1,1,1,1,1,1,0,0,0,0,1,0,0,0,0,1,0,1,0,0,1,0,2,1,0,1,1,1,1,0,1,5,redirect_flaw_misconfig,0,1,0,0,0,0,0,1,0,0,0,0,1
redirect_flaw_misconfig,86,1,1,0,1,1,1,2,1,1,1,1,1,1,0,0,0,0,1,0,0,0,0,1,0,1,0,0,1,0,2,1,0,1,1,1,1,0,1,5,redirect_flaw_misconfig,0,1,0,0,0,0,0,1,0,0,0,0,1
redirect_flaw_misconfig,87,1,1,0,1,1,1,2,1,1,1,1,1,1,0,0,0,0,1,0,0,0,0,1,0,1,0,0,1,0,2,1,0,1,1,1,1,0,1,5,redirect_flaw_misconfig,0,1,0,0,0,0,0,1,0,0,0,0,1
redirect_flaw_misconfig,88,1,1,0,1,1,1,2,1,1,1,1,1,1,0,0,0,0,1,0,0,0,0,1,0,1,0,0,1,0,2,1,0,1,1,1,1,0,1,5,redirect_flaw_misconfig,0,1,0,0,0,0,0,1,0,0,0,0,1
redirect_flaw_misconfig,89,1,1,0,1,1,1,2,1,1,1,1,1,1,0,0,0,0,1,0,0,0,0,1,0,1,0,0,1,0,2,1,0,1,1,1,1,0,1,5,redirect_flaw_misconfig,0,1,0,0,0,0,0,1,0,0,0,0,1
redirect_flaw_misconfig,9,1,1,0,1,1,1,2,1,1,1,1,1,1,0,0,0,0,1,0,0,0,0,1,0,1,0,0,1,0,2,1,0,1,1,1,1,0,1,5,redirect_flaw_misconfig,0,1,0,0,0,0,0,1,0,0,0,0,1
redirect_flaw_misconfig,90,1,1,0,1,1,1,2,1,1,1,1,1,1,0,0,0,0,1,0,0,0,0,1,0,1,0,0,1,0,2,1,0,1,1,1,1,0,1,5,redirect_flaw_misconfig,0,1,0,0,0,0,0,1,0,0,0,0,1
redirect_flaw_misconfig,91,1,1,0,1,1,1,2,1,1,1,1,1,1,0,0,0,0,1,0,0,0,0,1,0,1,0,0,1,0,2,1,0,1,1,1,1,0,1,5,redirect_flaw_misconfig,0,1,0,0,0,0,0,1,0,0,0,0,1
redirect_flaw_misconfig,92,1,1,0,1,1,1,2,1,1,1,1,1,1,0,0,0,0,1,0,0,0,0,1,0,1,0,0,1,0,2,1,0,1,1,1,1,0,1,5,redirect_flaw_misconfig,0,1,0,0,0,0,0,1,0,0,0,0,1
redirect_flaw_misconfig,93,1,1,0,1,1,1,2,1,1,1,1,1,1,0,0,0,0,1,0,0,0,0,1,0,1,0,0,1,0,2,1,0,1,1,1,1,0,1,5,redirect_flaw_misconfig,0,1,0,0,0,0,0,1,0,0,0,0,1
redirect_flaw_misconfig,94,1,1,0,1,1,1,2,1,1,1,1,1,1,0,0,0,0,1,0,0,0,0,1,0,1,0,0,1,0,2,1,0,1,1,1,1,0,1,5,redirect_flaw_misconfig,0,1,0,0,0,0,0,1,0,0,0,0,1
redirect_flaw_misconfig,95,1,1,0,1,1,1,2,1,1,1,1,1,1,0,0,0,0,1,0,0,0,0,1,0,1,0,0,1,0,2,1,0,1,1,1,1,0,1,5,redirect_flaw_misconfig,0,1,0,0,0,0,0,1,0,0,0,0,1
redirect_flaw_misconfig,96,1,1,0,1,1,1,2,1,1,1,1,1,1,0,0,0,0,1,0,0,0,0,1,0,1,0,0,1,0,2,1,0,1,1,1,1,0,1,5,redirect_flaw_misconfig,0,1,0,0,0,0,0,1,0,0,0,0,1
redirect_flaw_misconfig,97,1,1,0,1,1,1,2,1,1,1,1,1,1,0,0,0,0,1,0,0,0,0,1,0,1,0,0,1,0,2,1,0,1,1,1,1,0,1,5,redirect_flaw_misconfig,0,1,0,0,0,0,0,1,0,0,0,0,1
redirect_flaw_misconfig,98,1,1,0,1,1,1,2,1,1,1,1,1,1,0,0,0,0,1,0,0,0,0,1,0,1,0,0,1,0,2,1,0,1,1,1,1,0,1,5,redirect_flaw_misconfig,0,1,0,0,0,0,0,1,0,0,0,0,1
redirect_flaw_misconfig,99,1,1,0,1,1,1,2,1,1,1,1,1,1,0,0,0,0,1,0,0,0,0,1,0,1,0,0,1,0,2,1,0,1,1,1,1,0,1,5,redirect_flaw_misconfig,0,1,0,0,0,0,0,1,0,0,0,0,1
redirect_flaw_strict,1,1,1,0,1,1,1,2,0,0,0,0,0,0,0,0,0,0,0,0,0,0,0,0,0,0,0,0,1,0,1,0,0,1,1,0,1,0,0,4,redirect_flaw_misconfig,0,1,0,0,0,0,1,1,0,0,0,0,0
redirect_flaw_strict,10,1,1,0,1,1,1,2,0,0,0,0,0,0,0,0,0,0,0,0,0,0,0,0,0,0,0,0,1,0,1,0,0,1,1,0,1,0,0,4,redirect_flaw_misconfig,0,1,0,0,0,0,1,1,0,0,0,0,0
redirect_flaw_strict,100,1,1,0,1,1,1,2,0,0,0,0,0,0,0,0,0,0,0,0,0,0,0,0,0,0,0,0,1,0,1,0,0,1,1,0,1,0,0,4,redirect_flaw_misconfig,0,1,0,0,0,0,1,1,0,0,0,0,0
redirect_flaw_strict,101,1,1,0,1,1,1,2,0,0,0,0,0,0,0,0,0,0,0,0,0,0,0,0,0,0,0,0,1,0,1,0,0,1,1,0,1,0,0,4,redirect_flaw_misconfig,0,1,0,0,0,0,1,1,0,0,0,0,0
redirect_flaw_strict,102,1,1,0,1,1,1,2,0,0,0,0,0,0,0,0,0,0,0,0,0,0,0,0,0,0,0,0,1,0,1,0,0,1,1,0,1,0,0,4,redirect_flaw_misconfig,0,1,0,0,0,0,1,1,0,0,0,0,0
redirect_flaw_strict,103,1,1,0,1,1,1,2,0,0,0,0,0,0,0,0,0,0,0,0,0,0,0,0,0,0,0,0,1,0,1,0,0,1,1,0,1,0,0,4,redirect_flaw_misconfig,0,1,0,0,0,0,1,1,0,0,0,0,0
redirect_flaw_strict,104,1,1,0,1,1,1,2,0,0,0,0,0,0,0,0,0,0,0,0,0,0,0,0,0,0,0,0,1,0,1,0,0,1,1,0,1,0,0,4,redirect_flaw_misconfig,0,1,0,0,0,0,1,1,0,0,0,0,0
redirect_flaw_strict,105,1,1,0,1,1,1,2,0,0,0,0,0,0,0,0,0,0,0,0,0,0,0,0,0,0,0,0,1,0,1,0,0,1,1,0,1,0,0,4,redirect_flaw_misconfig,0,1,0,0,0,0,1,1,0,0,0,0,0
redirect_flaw_strict,106,1,1,0,1,1,1,2,0,0,0,0,0,0,0,0,0,0,0,0,0,0,0,0,0,0,0,0,1,0,1,0,0,1,1,0,1,0,0,4,redirect_flaw_misconfig,0,1,0,0,0,0,1,1,0,0,0,0,0
redirect_flaw_strict,107,1,1,0,1,1,1,2,0,0,0,0,0,0,0,0,0,0,0,0,0,0,0,0,0,0,0,0,1,0,1,0,0,1,1,0,1,0,0,4,redirect_flaw_misconfig,0,1,0,0,0,0,1,1,0,0,0,0,0
redirect_flaw_strict,108,1,1,0,1,1,1,2,0,0,0,0,0,0,0,0,0,0,0,0,0,0,0,0,0,0,0,0,1,0,1,0,0,1,1,0,1,0,0,4,redirect_flaw_misconfig,0,1,0,0,0,0,1,1,0,0,0,0,0
redirect_flaw_strict,109,1,1,0,1,1,1,2,0,0,0,0,0,0,0,0,0,0,0,0,0,0,0,0,0,0,0,0,1,0,1,0,0,1,1,0,1,0,0,4,redirect_flaw_misconfig,0,1,0,0,0,0,1,1,0,0,0,0,0
redirect_flaw_strict,11,1,1,0,1,1,1,2,0,0,0,0,0,0,0,0,0,0,0,0,0,0,0,0,0,0,0,0,1,0,1,0,0,1,1,0,1,0,0,4,redirect_flaw_misconfig,0,1,0,0,0,0,1,1,0,0,0,0,0
redirect_flaw_strict,110,1,1,0,1,1,1,2,0,0,0,0,0,0,0,0,0,0,0,0,0,0,0,0,0,0,0,0,1,0,1,0,0,1,1,0,1,0,0,4,redirect_flaw_misconfig,0,1,0,0,0,0,1,1,0,0,0,0,0
redirect_flaw_strict,111,1,1,0,1,1,1,2,0,0,0,0,0,0,0,0,0,0,0,0,0,0,0,0,0,0,0,0,1,0,1,0,0,1,1,0,1,0,0,4,redirect_flaw_misconfig,0,1,0,0,0,0,1,1,0,0,0,0,0
redirect_flaw_strict,112,1,1,0,1,1,1,2,0,0,0,0,0,0,0,0,0,0,0,0,0,0,0,0,0,0,0,0,1,0,1,0,0,1,1,0,1,0,0,4,redirect_flaw_misconfig,0,1,0,0,0,0,1,1,0,0,0,0,0
redirect_flaw_strict,113,1,1,0,1,1,1,2,0,0,0,0,0,0,0,0,0,0,0,0,0,0,0,0,0,0,0,0,1,0,1,0,0,1,1,0,1,0,0,4,redirect_flaw_misconfig,0,1,0,0,0,0,1,1,0,0,0,0,0
redirect_flaw_strict,114,1,1,0,1,1,1,2,0,0,0,0,0,0,0,0,0,0,0,0,0,0,0,0,0,0,0,0,1,0,1,0,0,1,1,0,1,0,0,4,redirect_flaw_misconfig,0,1,0,0,0,0,1,1,0,0,0,0,0
redirect_flaw_strict,115,1,1,0,1,1,1,2,0,0,0,0,0,0,0,0,0,0,0,0,0,0,0,0,0,0,0,0,1,0,1,0,0,1,1,0,1,0,0,4,redirect_flaw_misconfig,0,1,0,0,0,0,1,1,0,0,0,0,0
redirect_flaw_strict,116,1,1,0,1,1,1,2,0,0,0,0,0,0,0,0,0,0,0,0,0,0,0,0,0,0,0,0,1,0,1,0,0,1,1,0,1,0,0,4,redirect_flaw_misconfig,0,1,0,0,0,0,1,1,0,0,0,0,0
redirect_flaw_strict,117,1,1,0,1,1,1,2,0,0,0,0,0,0,0,0,0,0,0,0,0,0,0,0,0,0,0,0,1,0,1,0,0,1,1,0,1,0,0,4,redirect_flaw_misconfig,0,1,0,0,0,0,1,1,0,0,0,0,0
redirect_flaw_strict,118,1,1,0,1,1,1,2,0,0,0,0,0,0,0,0,0,0,0,0,0,0,0,0,0,0,0,0,1,0,1,0,0,1,1,0,1,0,0,4,redirect_flaw_misconfig,0,1,0,0,0,0,1,1,0,0,0,0,0
redirect_flaw_strict,119,1,1,0,1,1,1,2,0,0,0,0,0,0,0,0,0,0,0,0,0,0,0,0,0,0,0,0,1,0,1,0,0,1,1,0,1,0,0,4,redirect_flaw_misconfig,0,1,0,0,0,0,1,1,0,0,0,0,0
redirect_flaw_strict,12,1,1,0,1,1,1,2,0,0,0,0,0,0,0,0,0,0,0,0,0,0,0,0,0,0,0,0,1,0,1,0,0,1,1,0,1,0,0,4,redirect_flaw_misconfig,0,1,0,0,0,0,1,1,0,0,0,0,0
redirect_flaw_strict,120,1,1,0,1,1,1,2,0,0,0,0,0,0,0,0,0,0,0,0,0,0,0,0,0,0,0,0,1,0,1,0,0,1,1,0,1,0,0,4,redirect_flaw_misconfig,0,1,0,0,0,0,1,1,0,0,0,0,0
redirect_flaw_strict,121,1,1,0,1,1,1,2,0,0,0,0,0,0,0,0,0,0,0,0,0,0,0,0,0,0,0,0,1,0,1,0,0,1,1,0,1,0,0,4,redirect_flaw_misconfig,0,1,0,0,0,0,1,1,0,0,0,0,0
redirect_flaw_strict,122,1,1,0,1,1,1,2,0,0,0,0,0,0,0,0,0,0,0,0,0,0,0,0,0,0,0,0,1,0,1,0,0,1,1,0,1,0,0,4,redirect_flaw_misconfig,0,1,0,0,0,0,1,1,0,0,0,0,0
redirect_flaw_strict,123,1,1,0,1,1,1,2,0,0,0,0,0,0,0,0,0,0,0,0,0,0,0,0,0,0,0,0,1,0,1,0,0,1,1,0,1,0,0,4,redirect_flaw_misconfig,0,1,0,0,0,0,1,1,0,0,0,0,0
redirect_flaw_strict,124,1,1,0,1,1,1,2,0,0,0,0,0,0,0,0,0,0,0,0,0,0,0,0,0,0,0,0,1,0,1,0,0,1,1,0,1,0,0,4,redirect_flaw_misconfig,0,1,0,0,0,0,1,1,0,0,0,0,0
redirect_flaw_strict,125,1,1,0,1,1,1,2,0,0,0,0,0,0,0,0,0,0,0,0,0,0,0,0,0,0,0,0,1,0,1,0,0,1,1,0,1,0,0,4,redirect_flaw_misconfig,0,1,0,0,0,0,1,1,0,0,0,0,0
redirect_flaw_strict,13,1,1,0,1,1,1,2,0,0,0,0,0,0,0,0,0,0,0,0,0,0,0,0,0,0,0,0,1,0,1,0,0,1,1,0,1,0,0,4,redirect_flaw_misconfig,0,1,0,0,0,0,1,1,0,0,0,0,0
redirect_flaw_strict,14,1,1,0,1,1,1,2,0,0,0,0,0,0,0,0,0,0,0,0,0,0,0,0,0,0,0,0,1,0,1,0,0,1,1,0,1,0,0,4,redirect_flaw_misconfig,0,1,0,0,0,0,1,1,0,0,0,0,0
redirect_flaw_strict,15,1,1,0,1,1,1,2,0,0,0,0,0,0,0,0,0,0,0,0,0,0,0,0,0,0,0,0,1,0,1,0,0,1,1,0,1,0,0,4,redirect_flaw_misconfig,0,1,0,0,0,0,1,1,0,0,0,0,0
redirect_flaw_strict,16,1,1,0,1,1,1,2,0,0,0,0,0,0,0,0,0,0,0,0,0,0,0,0,0,0,0,0,1,0,1,0,0,1,1,0,1,0,0,4,redirect_flaw_misconfig,0,1,0,0,0,0,1,1,0,0,0,0,0
redirect_flaw_strict,17,1,1,0,1,1,1,2,0,0,0,0,0,0,0,0,0,0,0,0,0,0,0,0,0,0,0,0,1,0,1,0,0,1,1,0,1,0,0,4,redirect_flaw_misconfig,0,1,0,0,0,0,1,1,0,0,0,0,0
redirect_flaw_strict,18,1,1,0,1,1,1,2,0,0,0,0,0,0,0,0,0,0,0,0,0,0,0,0,0,0,0,0,1,0,1,0,0,1,1,0,1,0,0,4,redirect_flaw_misconfig,0,1,0,0,0,0,1,1,0,0,0,0,0
redirect_flaw_strict,19,1,1,0,1,1,1,2,0,0,0,0,0,0,0,0,0,0,0,0,0,0,0,0,0,0,0,0,1,0,1,0,0,1,1,0,1,0,0,4,redirect_flaw_misconfig,0,1,0,0,0,0,1,1,0,0,0,0,0
redirect_flaw_strict,2,1,1,0,1,1,1,2,0,0,0,0,0,0,0,0,0,0,0,0,0,0,0,0,0,0,0,0,1,0,1,0,0,1,1,0,1,0,0,4,redirect_flaw_misconfig,0,1,0,0,0,0,1,1,0,0,0,0,0
redirect_flaw_strict,20,1,1,0,1,1,1,2,0,0,0,0,0,0,0,0,0,0,0,0,0,0,0,0,0,0,0,0,1,0,1,0,0,1,1,0,1,0,0,4,redirect_flaw_misconfig,0,1,0,0,0,0,1,1,0,0,0,0,0
redirect_flaw_strict,21,1,1,0,1,1,1,2,0,0,0,0,0,0,0,0,0,0,0,0,0,0,0,0,0,0,0,0,1,0,1,0,0,1,1,0,1,0,0,4,redirect_flaw_misconfig,0,1,0,0,0,0,1,1,0,0,0,0,0
redirect_flaw_strict,22,1,1,0,1,1,1,2,0,0,0,0,0,0,0,0,0,0,0,0,0,0,0,0,0,0,0,0,1,0,1,0,0,1,1,0,1,0,0,4,redirect_flaw_misconfig,0,1,0,0,0,0,1,1,0,0,0,0,0
redirect_flaw_strict,23,1,1,0,1,1,1,2,0,0,0,0,0,0,0,0,0,0,0,0,0,0,0,0,0,0,0,0,1,0,1,0,0,1,1,0,1,0,0,4,redirect_flaw_misconfig,0,1,0,0,0,0,1,1,0,0,0,0,0
redirect_flaw_strict,24,1,1,0,1,1,1,2,0,0,0,0,0,0,0,0,0,0,0,0,0,0,0,0,0,0,0,0,1,0,1,0,0,1,1,0,1,0,0,4,redirect_flaw_misconfig,0,1,0,0,0,0,1,1,0,0,0,0,0
redirect_flaw_strict,25,1,1,0,1,1,1,2,0,0,0,0,0,0,0,0,0,0,0,0,0,0,0,0,0,0,0,0,1,0,1,0,0,1,1,0,1,0,0,4,redirect_flaw_misconfig,0,1,0,0,0,0,1,1,0,0,0,0,0
redirect_flaw_strict,26,1,1,0,1,1,1,2,0,0,0,0,0,0,0,0,0,0,0,0,0,0,0,0,0,0,0,0,1,0,1,0,0,1,1,0,1,0,0,4,redirect_flaw_misconfig,0,1,0,0,0,0,1,1,0,0,0,0,0
redirect_flaw_strict,27,1,1,0,1,1,1,2,0,0,0,0,0,0,0,0,0,0,0,0,0,0,0,0,0,0,0,0,1,0,1,0,0,1,1,0,1,0,0,4,redirect_flaw_misconfig,0,1,0,0,0,0,1,1,0,0,0,0,0
redirect_flaw_strict,28,1,1,0,1,1,1,2,0,0,0,0,0,0,0,0,0,0,0,0,0,0,0,0,0,0,0,0,1,0,1,0,0,1,1,0,1,0,0,4,redirect_flaw_misconfig,0,1,0,0,0,0,1,1,0,0,0,0,0
redirect_flaw_strict,29,1,1,0,1,1,1,2,0,0,0,0,0,0,0,0,0,0,0,0,0,0,0,0,0,0,0,0,1,0,1,0,0,1,1,0,1,0,0,4,redirect_flaw_misconfig,0,1,0,0,0,0,1,1,0,0,0,0,0
redirect_flaw_strict,3,1,1,0,1,1,1,2,0,0,0,0,0,0,0,0,0,0,0,0,0,0,0,0,0,0,0,0,1,0,1,0,0,1,1,0,1,0,0,4,redirect_flaw_misconfig,0,1,0,0,0,0,1,1,0,0,0,0,0
redirect_flaw_strict,30,1,1,0,1,1,1,2,0,0,0,0,0,0,0,0,0,0,0,0,0,0,0,0,0,0,0,0,1,0,1,0,0,1,1,0,1,0,0,4,redirect_flaw_misconfig,0,1,0,0,0,0,1,1,0,0,0,0,0
redirect_flaw_strict,31,1,1,0,1,1,1,2,0,0,0,0,0,0,0,0,0,0,0,0,0,0,0,0,0,0,0,0,1,0,1,0,0,1,1,0,1,0,0,4,redirect_flaw_misconfig,0,1,0,0,0,0,1,1,0,0,0,0,0
redirect_flaw_strict,32,1,1,0,1,1,1,2,0,0,0,0,0,0,0,0,0,0,0,0,0,0,0,0,0,0,0,0,1,0,1,0,0,1,1,0,1,0,0,4,redirect_flaw_misconfig,0,1,0,0,0,0,1,1,0,0,0,0,0
redirect_flaw_strict,33,1,1,0,1,1,1,2,0,0,0,0,0,0,0,0,0,0,0,0,0,0,0,0,0,0,0,0,1,0,1,0,0,1,1,0,1,0,0,4,redirect_flaw_misconfig,0,1,0,0,0,0,1,1,0,0,0,0,0
redirect_flaw_strict,34,1,1,0,1,1,1,2,0,0,0,0,0,0,0,0,0,0,0,0,0,0,0,0,0,0,0,0,1,0,1,0,0,1,1,0,1,0,0,4,redirect_flaw_misconfig,0,1,0,0,0,0,1,1,0,0,0,0,0
redirect_flaw_strict,35,1,1,0,1,1,1,2,0,0,0,0,0,0,0,0,0,0,0,0,0,0,0,0,0,0,0,0,1,0,1,0,0,1,1,0,1,0,0,4,redirect_flaw_misconfig,0,1,0,0,0,0,1,1,0,0,0,0,0
redirect_flaw_strict,36,1,1,0,1,1,1,2,0,0,0,0,0,0,0,0,0,0,0,0,0,0,0,0,0,0,0,0,1,0,1,0,0,1,1,0,1,0,0,4,redirect_flaw_misconfig,0,1,0,0,0,0,1,1,0,0,0,0,0
redirect_flaw_strict,37,1,1,0,1,1,1,2,0,0,0,0,0,0,0,0,0,0,0,0,0,0,0,0,0,0,0,0,1,0,1,0,0,1,1,0,1,0,0,4,redirect_flaw_misconfig,0,1,0,0,0,0,1,1,0,0,0,0,0
redirect_flaw_strict,38,1,1,0,1,1,1,2,0,0,0,0,0,0,0,0,0,0,0,0,0,0,0,0,0,0,0,0,1,0,1,0,0,1,1,0,1,0,0,4,redirect_flaw_misconfig,0,1,0,0,0,0,1,1,0,0,0,0,0
redirect_flaw_strict,39,1,1,0,1,1,1,2,0,0,0,0,0,0,0,0,0,0,0,0,0,0,0,0,0,0,0,0,1,0,1,0,0,1,1,0,1,0,0,4,redirect_flaw_misconfig,0,1,0,0,0,0,1,1,0,0,0,0,0
redirect_flaw_strict,4,1,1,0,1,1,1,2,0,0,0,0,0,0,0,0,0,0,0,0,0,0,0,0,0,0,0,0,1,0,1,0,0,1,1,0,1,0,0,4,redirect_flaw_misconfig,0,1,0,0,0,0,1,1,0,0,0,0,0
redirect_flaw_strict,40,1,1,0,1,1,1,2,0,0,0,0,0,0,0,0,0,0,0,0,0,0,0,0,0,0,0,0,1,0,1,0,0,1,1,0,1,0,0,4,redirect_flaw_misconfig,0,1,0,0,0,0,1,1,0,0,0,0,0
redirect_flaw_strict,41,1,1,0,1,1,1,2,0,0,0,0,0,0,0,0,0,0,0,0,0,0,0,0,0,0,0,0,1,0,1,0,0,1,1,0,1,0,0,4,redirect_flaw_misconfig,0,1,0,0,0,0,1,1,0,0,0,0,0
redirect_flaw_strict,42,1,1,0,1,1,1,2,0,0,0,0,0,0,0,0,0,0,0,0,0,0,0,0,0,0,0,0,1,0,1,0,0,1,1,0,1,0,0,4,redirect_flaw_misconfig,0,1,0,0,0,0,1,1,0,0,0,0,0
redirect_flaw_strict,43,1,1,0,1,1,1,2,0,0,0,0,0,0,0,0,0,0,0,0,0,0,0,0,0,0,0,0,1,0,1,0,0,1,1,0,1,0,0,4,redirect_flaw_misconfig,0,1,0,0,0,0,1,1,0,0,0,0,0
redirect_flaw_strict,44,1,1,0,1,1,1,2,0,0,0,0,0,0,0,0,0,0,0,0,0,0,0,0,0,0,0,0,1,0,1,0,0,1,1,0,1,0,0,4,redirect_flaw_misconfig,0,1,0,0,0,0,1,1,0,0,0,0,0
redirect_flaw_strict,45,1,1,0,1,1,1,2,0,0,0,0,0,0,0,0,0,0,0,0,0,0,0,0,0,0,0,0,1,0,1,0,0,1,1,0,1,0,0,4,redirect_flaw_misconfig,0,1,0,0,0,0,1,1,0,0,0,0,0
redirect_flaw_strict,46,1,1,0,1,1,1,2,0,0,0,0,0,0,0,0,0,0,0,0,0,0,0,0,0,0,0,0,1,0,1,0,0,1,1,0,1,0,0,4,redirect_flaw_misconfig,0,1,0,0,0,0,1,1,0,0,0,0,0
redirect_flaw_strict,47,1,1,0,1,1,1,2,0,0,0,0,0,0,0,0,0,0,0,0,0,0,0,0,0,0,0,0,1,0,1,0,0,1,1,0,1,0,0,4,redirect_flaw_misconfig,0,1,0,0,0,0,1,1,0,0,0,0,0
redirect_flaw_strict,48,1,1,0,1,1,1,2,0,0,0,0,0,0,0,0,0,0,0,0,0,0,0,0,0,0,0,0,1,0,1,0,0,1,1,0,1,0,0,4,redirect_flaw_misconfig,0,1,0,0,0,0,1,1,0,0,0,0,0
redirect_flaw_strict,49,1,1,0,1,1,1,2,0,0,0,0,0,0,0,0,0,0,0,0,0,0,0,0,0,0,0,0,1,0,1,0,0,1,1,0,1,0,0,4,redirect_flaw_misconfig,0,1,0,0,0,0,1,1,0,0,0,0,0
redirect_flaw_strict,5,1,1,0,1,1,1,2,0,0,0,0,0,0,0,0,0,0,0,0,0,0,0,0,0,0,0,0,1,0,1,0,0,1,1,0,1,0,0,4,redirect_flaw_misconfig,0,1,0,0,0,0,1,1,0,0,0,0,0
redirect_flaw_strict,50,1,1,0,1,1,1,2,0,0,0,0,0,0,0,0,0,0,0,0,0,0,0,0,0,0,0,0,1,0,1,0,0,1,1,0,1,0,0,4,redirect_flaw_misconfig,0,1,0,0,0,0,1,1,0,0,0,0,0
redirect_flaw_strict,51,1,1,0,1,1,1,2,0,0,0,0,0,0,0,0,0,0,0,0,0,0,0,0,0,0,0,0,1,0,1,0,0,1,1,0,1,0,0,4,redirect_flaw_misconfig,0,1,0,0,0,0,1,1,0,0,0,0,0
redirect_flaw_strict,52,1,1,0,1,1,1,2,0,0,0,0,0,0,0,0,0,0,0,0,0,0,0,0,0,0,0,0,1,0,1,0,0,1,1,0,1,0,0,4,redirect_flaw_misconfig,0,1,0,0,0,0,1,1,0,0,0,0,0
redirect_flaw_strict,53,1,1,0,1,1,1,2,0,0,0,0,0,0,0,0,0,0,0,0,0,0,0,0,0,0,0,0,1,0,1,0,0,1,1,0,1,0,0,4,redirect_flaw_misconfig,0,1,0,0,0,0,1,1,0,0,0,0,0
redirect_flaw_strict,54,1,1,0,1,1,1,2,0,0,0,0,0,0,0,0,0,0,0,0,0,0,0,0,0,0,0,0,1,0,1,0,0,1,1,0,1,0,0,4,redirect_flaw_misconfig,0,1,0,0,0,0,1,1,0,0,0,0,0
redirect_flaw_strict,55,1,1,0,1,1,1,2,0,0,0,0,0,0,0,0,0,0,0,0,0,0,0,0,0,0,0,0,1,0,1,0,0,1,1,0,1,0,0,4,redirect_flaw_misconfig,0,1,0,0,0,0,1,1,0,0,0,0,0
redirect_flaw_strict,56,1,1,0,1,1,1,2,0,0,0,0,0,0,0,0,0,0,0,0,0,0,0,0,0,0,0,0,1,0,1,0,0,1,1,0,1,0,0,4,redirect_flaw_misconfig,0,1,0,0,0,0,1,1,0,0,0,0,0
redirect_flaw_strict,57,1,1,0,1,1,1,2,0,0,0,0,0,0,0,0,0,0,0,0,0,0,0,0,0,0,0,0,1,0,1,0,0,1,1,0,1,0,0,4,redirect_flaw_misconfig,0,1,0,0,0,0,1,1,0,0,0,0,0
redirect_flaw_strict,58,1,1,0,1,1,1,2,0,0,0,0,0,0,0,0,0,0,0,0,0,0,0,0,0,0,0,0,1,0,1,0,0,1,1,0,1,0,0,4,redirect_flaw_misconfig,0,1,0,0,0,0,1,1,0,0,0,0,0
redirect_flaw_strict,59,1,1,0,1,1,1,2,0,0,0,0,0,0,0,0,0,0,0,0,0,0,0,0,0,0,0,0,1,0,1,0,0,1,1,0,1,0,0,4,redirect_flaw_misconfig,0,1,0,0,0,0,1,1,0,0,0,0,0
redirect_flaw_strict,6,1,1,0,1,1,1,2,0,0,0,0,0,0,0,0,0,0,0,0,0,0,0,0,0,0,0,0,1,0,1,0,0,1,1,0,1,0,0,4,redirect_flaw_misconfig,0,1,0,0,0,0,1,1,0,0,0,0,0
redirect_flaw_strict,60,1,1,0,1,1,1,2,0,0,0,0,0,0,0,0,0,0,0,0,0,0,0,0,0,0,0,0,1,0,1,0,0,1,1,0,1,0,0,4,redirect_flaw_misconfig,0,1,0,0,0,0,1,1,0,0,0,0,0
redirect_flaw_strict,61,1,1,0,1,1,1,2,0,0,0,0,0,0,0,0,0,0,0,0,0,0,0,0,0,0,0,0,1,0,1,0,0,1,1,0,1,0,0,4,redirect_flaw_misconfig,0,1,0,0,0,0,1,1,0,0,0,0,0
redirect_flaw_strict,62,1,1,0,1,1,1,2,0,0,0,0,0,0,0,0,0,0,0,0,0,0,0,0,0,0,0,0,1,0,1,0,0,1,1,0,1,0,0,4,redirect_flaw_misconfig,0,1,0,0,0,0,1,1,0,0,0,0,0
redirect_flaw_strict,63,1,1,0,1,1,1,2,0,0,0,0,0,0,0,0,0,0,0,0,0,0,0,0,0,0,0,0,1,0,1,0,0,1,1,0,1,0,0,4,redirect_flaw_misconfig,0,1,0,0,0,0,1,1,0,0,0,0,0
redirect_flaw_strict,64,1,1,0,1,1,1,2,0,0,0,0,0,0,0,0,0,0,0,0,0,0,0,0,0,0,0,0,1,0,1,0,0,1,1,0,1,0,0,4,redirect_flaw_misconfig,0,1,0,0,0,0,1,1,0,0,0,0,0
redirect_flaw_strict,65,1,1,0,1,1,1,2,0,0,0,0,0,0,0,0,0,0,0,0,0,0,0,0,0,0,0,0,1,0,1,0,0,1,1,0,1,0,0,4,redirect_flaw_misconfig,0,1,0,0,0,0,1,1,0,0,0,0,0
redirect_flaw_strict,66,1,1,0,1,1,1,2,0,0,0,0,0,0,0,0,0,0,0,0,0,0,0,0,0,0,0,0,1,0,1,0,0,1,1,0,1,0,0,4,redirect_flaw_misconfig,0,1,0,0,0,0,1,1,0,0,0,0,0
redirect_flaw_strict,67,1,1,0,1,1,1,2,0,0,0,0,0,0,0,0,0,0,0,0,0,0,0,0,0,0,0,0,1,0,1,0,0,1,1,0,1,0,0,4,redirect_flaw_misconfig,0,1,0,0,0,0,1,1,0,0,0,0,0
redirect_flaw_strict,68,1,1,0,1,1,1,2,0,0,0,0,0,0,0,0,0,0,0,0,0,0,0,0,0,0,0,0,1,0,1,0,0,1,1,0,1,0,0,4,redirect_flaw_misconfig,0,1,0,0,0,0,1,1,0,0,0,0,0
redirect_flaw_strict,69,1,1,0,1,1,1,2,0,0,0,0,0,0,0,0,0,0,0,0,0,0,0,0,0,0,0,0,1,0,1,0,0,1,1,0,1,0,0,4,redirect_flaw_misconfig,0,1,0,0,0,0,1,1,0,0,0,0,0
redirect_flaw_strict,7,1,1,0,1,1,1,2,0,0,0,0,0,0,0,0,0,0,0,0,0,0,0,0,0,0,0,0,1,0,1,0,0,1,1,0,1,0,0,4,redirect_flaw_misconfig,0,1,0,0,0,0,1,1,0,0,0,0,0
redirect_flaw_strict,70,1,1,0,1,1,1,2,0,0,0,0,0,0,0,0,0,0,0,0,0,0,0,0,0,0,0,0,1,0,1,0,0,1,1,0,1,0,0,4,redirect_flaw_misconfig,0,1,0,0,0,0,1,1,0,0,0,0,0
redirect_flaw_strict,71,1,1,0,1,1,1,2,0,0,0,0,0,0,0,0,0,0,0,0,0,0,0,0,0,0,0,0,1,0,1,0,0,1,1,0,1,0,0,4,redirect_flaw_misconfig,0,1,0,0,0,0,1,1,0,0,0,0,0
redirect_flaw_strict,72,1,1,0,1,1,1,2,0,0,0,0,0,0,0,0,0,0,0,0,0,0,0,0,0,0,0,0,1,0,1,0,0,1,1,0,1,0,0,4,redirect_flaw_misconfig,0,1,0,0,0,0,1,1,0,0,0,0,0
redirect_flaw_strict,73,1,1,0,1,1,1,2,0,0,0,0,0,0,0,0,0,0,0,0,0,0,0,0,0,0,0,0,1,0,1,0,0,1,1,0,1,0,0,4,redirect_flaw_misconfig,0,1,0,0,0,0,1,1,0,0,0,0,0
redirect_flaw_strict,74,1,1,0,1,1,1,2,0,0,0,0,0,0,0,0,0,0,0,0,0,0,0,0,0,0,0,0,1,0,1,0,0,1,1,0,1,0,0,4,redirect_flaw_misconfig,0,1,0,0,0,0,1,1,0,0,0,0,0
redirect_flaw_strict,75,1,1,0,1,1,1,2,0,0,0,0,0,0,0,0,0,0,0,0,0,0,0,0,0,0,0,0,1,0,1,0,0,1,1,0,1,0,0,4,redirect_flaw_misconfig,0,1,0,0,0,0,1,1,0,0,0,0,0
redirect_flaw_strict,76,1,1,0,1,1,1,2,0,0,0,0,0,0,0,0,0,0,0,0,0,0,0,0,0,0,0,0,1,0,1,0,0,1,1,0,1,0,0,4,redirect_flaw_misconfig,0,1,0,0,0,0,1,1,0,0,0,0,0
redirect_flaw_strict,77,1,1,0,1,1,1,2,0,0,0,0,0,0,0,0,0,0,0,0,0,0,0,0,0,0,0,0,1,0,1,0,0,1,1,0,1,0,0,4,redirect_flaw_misconfig,0,1,0,0,0,0,1,1,0,0,0,0,0
redirect_flaw_strict,78,1,1,0,1,1,1,2,0,0,0,0,0,0,0,0,0,0,0,0,0,0,0,0,0,0,0,0,1,0,1,0,0,1,1,0,1,0,0,4,redirect_flaw_misconfig,0,1,0,0,0,0,1,1,0,0,0,0,0
redirect_flaw_strict,79,1,1,0,1,1,1,2,0,0,0,0,0,0,0,0,0,0,0,0,0,0,0,0,0,0,0,0,1,0,1,0,0,1,1,0,1,0,0,4,redirect_flaw_misconfig,0,1,0,0,0,0,1,1,0,0,0,0,0
redirect_flaw_strict,8,1,1,0,1,1,1,2,0,0,0,0,0,0,0,0,0,0,0,0,0,0,0,0,0,0,0,0,1,0,1,0,0,1,1,0,1,0,0,4,redirect_flaw_misconfig,0,1,0,0,0,0,1,1,0,0,0,0,0
redirect_flaw_strict,80,1,1,0,1,1,1,2,0,0,0,0,0,0,0,0,0,0,0,0,0,0,0,0,0,0,0,0,1,0,1,0,0,1,1,0,1,0,0,4,redirect_flaw_misconfig,0,1,0,0,0,0,1,1,0,0,0,0,0
redirect_flaw_strict,81,1,1,0,1,1,1,2,0,0,0,0,0,0,0,0,0,0,0,0,0,0,0,0,0,0,0,0,1,0,1,0,0,1,1,0,1,0,0,4,redirect_flaw_misconfig,0,1,0,0,0,0,1,1,0,0,0,0,0
redirect_flaw_strict,82,1,1,0,1,1,1,2,0,0,0,0,0,0,0,0,0,0,0,0,0,0,0,0,0,0,0,0,1,0,1,0,0,1,1,0,1,0,0,4,redirect_flaw_misconfig,0,1,0,0,0,0,1,1,0,0,0,0,0
redirect_flaw_strict,83,1,1,0,1,1,1,2,0,0,0,0,0,0,0,0,0,0,0,0,0,0,0,0,0,0,0,0,1,0,1,0,0,1,1,0,1,0,0,4,redirect_flaw_misconfig,0,1,0,0,0,0,1,1,0,0,0,0,0
redirect_flaw_strict,84,1,1,0,1,1,1,2,0,0,0,0,0,0,0,0,0,0,0,0,0,0,0,0,0,0,0,0,1,0,1,0,0,1,1,0,1,0,0,4,redirect_flaw_misconfig,0,1,0,0,0,0,1,1,0,0,0,0,0
redirect_flaw_strict,85,1,1,0,1,1,1,2,0,0,0,0,0,0,0,0,0,0,0,0,0,0,0,0,0,0,0,0,1,0,1,0,0,1,1,0,1,0,0,4,redirect_flaw_misconfig,0,1,0,0,0,0,1,1,0,0,0,0,0
redirect_flaw_strict,86,1,1,0,1,1,1,2,0,0,0,0,0,0,0,0,0,0,0,0,0,0,0,0,0,0,0,0,1,0,1,0,0,1,1,0,1,0,0,4,redirect_flaw_misconfig,0,1,0,0,0,0,1,1,0,0,0,0,0
redirect_flaw_strict,87,1,1,0,1,1,1,2,0,0,0,0,0,0,0,0,0,0,0,0,0,0,0,0,0,0,0,0,1,0,1,0,0,1,1,0,1,0,0,4,redirect_flaw_misconfig,0,1,0,0,0,0,1,1,0,0,0,0,0
redirect_flaw_strict,88,1,1,0,1,1,1,2,0,0,0,0,0,0,0,0,0,0,0,0,0,0,0,0,0,0,0,0,1,0,1,0,0,1,1,0,1,0,0,4,redirect_flaw_misconfig,0,1,0,0,0,0,1,1,0,0,0,0,0
redirect_flaw_strict,89,1,1,0,1,1,1,2,0,0,0,0,0,0,0,0,0,0,0,0,0,0,0,0,0,0,0,0,1,0,1,0,0,1,1,0,1,0,0,4,redirect_flaw_misconfig,0,1,0,0,0,0,1,1,0,0,0,0,0
redirect_flaw_strict,9,1,1,0,1,1,1,2,0,0,0,0,0,0,0,0,0,0,0,0,0,0,0,0,0,0,0,0,1,0,1,0,0,1,1,0,1,0,0,4,redirect_flaw_misconfig,0,1,0,0,0,0,1,1,0,0,0,0,0
redirect_flaw_strict,90,1,1,0,1,1,1,2,0,0,0,0,0,0,0,0,0,0,0,0,0,0,0,0,0,0,0,0,1,0,1,0,0,1,1,0,1,0,0,4,redirect_flaw_misconfig,0,1,0,0,0,0,1,1,0,0,0,0,0
redirect_flaw_strict,91,1,1,0,1,1,1,2,0,0,0,0,0,0,0,0,0,0,0,0,0,0,0,0,0,0,0,0,1,0,1,0,0,1,1,0,1,0,0,4,redirect_flaw_misconfig,0,1,0,0,0,0,1,1,0,0,0,0,0
redirect_flaw_strict,92,1,1,0,1,1,1,2,0,0,0,0,0,0,0,0,0,0,0,0,0,0,0,0,0,0,0,0,1,0,1,0,0,1,1,0,1,0,0,4,redirect_flaw_misconfig,0,1,0,0,0,0,1,1,0,0,0,0,0
redirect_flaw_strict,93,1,1,0,1,1,1,2,0,0,0,0,0,0,0,0,0,0,0,0,0,0,0,0,0,0,0,0,1,0,1,0,0,1,1,0,1,0,0,4,redirect_flaw_misconfig,0,1,0,0,0,0,1,1,0,0,0,0,0
redirect_flaw_strict,94,1,1,0,1,1,1,2,0,0,0,0,0,0,0,0,0,0,0,0,0,0,0,0,0,0,0,0,1,0,1,0,0,1,1,0,1,0,0,4,redirect_flaw_misconfig,0,1,0,0,0,0,1,1,0,0,0,0,0
redirect_flaw_strict,95,1,1,0,1,1,1,2,0,0,0,0,0,0,0,0,0,0,0,0,0,0,0,0,0,0,0,0,1,0,1,0,0,1,1,0,1,0,0,4,redirect_flaw_misconfig,0,1,0,0,0,0,1,1,0,0,0,0,0
redirect_flaw_strict,96,1,1,0,1,1,1,2,0,0,0,0,0,0,0,0,0,0,0,0,0,0,0,0,0,0,0,0,1,0,1,0,0,1,1,0,1,0,0,4,redirect_flaw_misconfig,0,1,0,0,0,0,1,1,0,0,0,0,0
redirect_flaw_strict,97,1,1,0,1,1,1,2,0,0,0,0,0,0,0,0,0,0,0,0,0,0,0,0,0,0,0,0,1,0,1,0,0,1,1,0,1,0,0,4,redirect_flaw_misconfig,0,1,0,0,0,0,1,1,0,0,0,0,0
redirect_flaw_strict,98,1,1,0,1,1,1,2,0,0,0,0,0,0,0,0,0,0,0,0,0,0,0,0,0,0,0,0,1,0,1,0,0,1,1,0,1,0,0,4,redirect_flaw_misconfig,0,1,0,0,0,0,1,1,0,0,0,0,0
redirect_flaw_strict,99,1,1,0,1,1,1,2,0,0,0,0,0,0,0,0,0,0,0,0,0,0,0,0,0,0,0,0,1,0,1,0,0,1,1,0,1,0,0,4,redirect_flaw_misconfig,0,1,0,0,0,0,1,1,0,0,0,0,0
refresh_misuse_rejected,1,1,1,1,1,1,1,2,1,1,1,1,1,1,0,0,0,0,1,0,0,0,0,1,0,1,0,0,1,0,2,1,0,1,1,1,1,0,0,6,normal,0,0,0,0,0,0,0,0,0,0,0,0,1
refresh_misuse_rejected,10,1,1,1,1,1,1,2,1,1,1,1,1,1,0,0,0,0,1,0,0,0,0,1,0,1,0,0,1,0,2,1,0,1,1,1,1,0,0,6,normal,0,0,0,0,0,0,0,0,0,0,0,0,1
refresh_misuse_rejected,100,1,1,1,1,1,1,2,1,1,1,1,1,1,0,0,0,0,1,0,0,0,0,1,0,1,0,0,1,0,2,1,0,1,1,1,1,0,0,6,normal,0,0,0,0,0,0,0,0,0,0,0,0,1
refresh_misuse_rejected,101,1,1,1,1,1,1,2,1,1,1,1,1,1,0,0,0,0,1,0,0,0,0,1,0,1,0,0,1,0,2,1,0,1,1,1,1,0,0,6,normal,0,0,0,0,0,0,0,0,0,0,0,0,1
refresh_misuse_rejected,102,1,1,1,1,1,1,2,1,1,1,1,1,1,0,0,0,0,1,0,0,0,0,1,0,1,0,0,1,0,2,1,0,1,1,1,1,0,0,6,normal,0,0,0,0,0,0,0,0,0,0,0,0,1
refresh_misuse_rejected,103,1,1,1,1,1,1,2,1,1,1,1,1,1,0,0,0,0,1,0,0,0,0,1,0,1,0,0,1,0,2,1,0,1,1,1,1,0,0,6,normal,0,0,0,0,0,0,0,0,0,0,0,0,1
refresh_misuse_rejected,104,1,1,1,1,1,1,2,1,1,1,1,1,1,0,0,0,0,1,0,0,0,0,1,0,1,0,0,1,0,2,1,0,1,1,1,1,0,0,6,normal,0,0,0,0,0,0,0,0,0,0,0,0,1
refresh_misuse_rejected,105,1,1,1,1,1,1,2,1,1,1,1,1,1,0,0,0,0,1,0,0,0,0,1,0,1,0,0,1,0,2,1,0,1,1,1,1,0,0,6,normal,0,0,0,0,0,0,0,0,0,0,0,0,1
refresh_misuse_rejected,106,1,1,1,1,1,1,2,1,1,1,1,1,1,0,0,0,0,1,0,0,0,0,1,0,1,0,0,1,0,2,1,0,1,1,1,1,0,0,6,normal,0,0,0,0,0,0,0,0,0,0,0,0,1
refresh_misuse_rejected,107,1,1,1,1,1,1,2,1,1,1,1,1,1,0,0,0,0,1,0,0,0,0,1,0,1,0,0,1,0,2,1,0,1,1,1,1,0,0,6,normal,0,0,0,0,0,0,0,0,0,0,0,0,1
refresh_misuse_rejected,108,1,1,1,1,1,1,2,1,1,1,1,1,1,0,0,0,0,1,0,0,0,0,1,0,1,0,0,1,0,2,1,0,1,1,1,1,0,0,6,normal,0,0,0,0,0,0,0,0,0,0,0,0,1
refresh_misuse_rejected,109,1,1,1,1,1,1,2,1,1,1,1,1,1,0,0,0,0,1,0,0,0,0,1,0,1,0,0,1,0,2,1,0,1,1,1,1,0,0,6,normal,0,0,0,0,0,0,0,0,0,0,0,0,1
refresh_misuse_rejected,11,1,1,1,1,1,1,2,1,1,1,1,1,1,0,0,0,0,1,0,0,0,0,1,0,1,0,0,1,0,2,1,0,1,1,1,1,0,0,6,normal,0,0,0,0,0,0,0,0,0,0,0,0,1
refresh_misuse_rejected,110,1,1,1,1,1,1,2,1,1,1,1,1,1,0,0,0,0,1,0,0,0,0,1,0,1,0,0,1,0,2,1,0,1,1,1,1,0,0,6,normal,0,0,0,0,0,0,0,0,0,0,0,0,1
refresh_misuse_rejected,111,1,1,1,1,1,1,2,1,1,1,1,1,1,0,0,0,0,1,0,0,0,0,1,0,1,0,0,1,0,2,1,0,1,1,1,1,0,0,6,normal,0,0,0,0,0,0,0,0,0,0,0,0,1
refresh_misuse_rejected,112,1,1,1,1,1,1,2,1,1,1,1,1,1,0,0,0,0,1,0,0,0,0,1,0,1,0,0,1,0,2,1,0,1,1,1,1,0,0,6,normal,0,0,0,0,0,0,0,0,0,0,0,0,1
refresh_misuse_rejected,113,1,1,1,1,1,1,2,1,1,1,1,1,1,0,0,0,0,1,0,0,0,0,1,0,1,0,0,1,0,2,1,0,1,1,1,1,0,0,6,normal,0,0,0,0,0,0,0,0,0,0,0,0,1
refresh_misuse_rejected,114,1,1,1,1,1,1,2,1,1,1,1,1,1,0,0,0,0,1,0,0,0,0,1,0,1,0,0,1,0,2,1,0,1,1,1,1,0,0,6,normal,0,0,0,0,0,0,0,0,0,0,0,0,1
refresh_misuse_rejected,115,1,1,1,1,1,1,2,1,1,1,1,1,1,0,0,0,0,1,0,0,0,0,1,0,1,0,0,1,0,2,1,0,1,1,1,1,0,0,6,normal,0,0,0,0,0,0,0,0,0,0,0,0,1
refresh_misuse_rejected,116,1,1,1,1,1,1,2,1,1,1,1,1,1,0,0,0,0,1,0,0,0,0,1,0,1,0,0,1,0,2,1,0,1,1,1,1,0,0,6,normal,0,0,0,0,0,0,0,0,0,0,0,0,1
refresh_misuse_rejected,117,1,1,1,1,1,1,2,1,1,1,1,1,1,0,0,0,0,1,0,0,0,0,1,0,1,0,0,1,0,2,1,0,1,1,1,1,0,0,6,normal,0,0,0,0,0,0,0,0,0,0,0,0,1
refresh_misuse_rejected,118,1,1,1,1,1,1,2,1,1,1,1,1,1,0,0,0,0,1,0,0,0,0,1,0,1,0,0,1,0,2,1,0,1,1,1,1,0,0,6,normal,0,0,0,0,0,0,0,0,0,0,0,0,1
refresh_misuse_rejected,119,1,1,1,1,1,1,2,1,1,1,1,1,1,0,0,0,0,1,0,0,0,0,1,0,1,0,0,1,0,2,1,0,1,1,1,1,0,0,6,normal,0,0,0,0,0,0,0,0,0,0,0,0,1
refresh_misuse_rejected,12,1,1,1,1,1,1,2,1,1,1,1,1,1,0,0,0,0,1,0,0,0,0,1,0,1,0,0,1,0,2,1,0,1,1,1,1,0,0,6,normal,0,0,0,0,0,0,0,0,0,0,0,0,1
refresh_misuse_rejected,120,1,1,1,1,1,1,2,1,1,1,1,1,1,0,0,0,0,1,0,0,0,0,1,0,1,0,0,1,0,2,1,0,1,1,1,1,0,0,6,normal,0,0,0,0,0,0,0,0,0,0,0,0,1
refresh_misuse_rejected,121,1,1,1,1,1,1,2,1,1,1,1,1,1,0,0,0,0,1,0,0,0,0,1,0,1,0,0,1,0,2,1,0,1,1,1,1,0,0,6,normal,0,0,0,0,0,0,0,0,0,0,0,0,1
refresh_misuse_rejected,122,1,1,1,1,1,1,2,1,1,1,1,1,1,0,0,0,0,1,0,0,0,0,1,0,1,0,0,1,0,2,1,0,1,1,1,1,0,0,6,normal,0,0,0,0,0,0,0,0,0,0,0,0,1
refresh_misuse_rejected,123,1,1,1,1,1,1,2,1,1,1,1,1,1,0,0,0,0,1,0,0,0,0,1,0,1,0,0,1,0,2,1,0,1,1,1,1,0,0,6,normal,0,0,0,0,0,0,0,0,0,0,0,0,1
refresh_misuse_rejected,124,1,1,1,1,1,1,2,1,1,1,1,1,1,0,0,0,0,1,0,0,0,0,1,0,1,0,0,1,0,2,1,0,1,1,1,1,0,0,6,normal,0,0,0,0,0,0,0,0,0,0,0,0,1
refresh_misuse_rejected,125,1,1,1,1,1,1,2,1,1,1,1,1,1,0,0,0,0,1,0,0,0,0,1,0,1,0,0,1,0,2,1,0,1,1,1,1,0,0,6,normal,0,0,0,0,0,0,0,0,0,0,0,0,1
refresh_misuse_rejected,13,1,1,1,1,1,1,2,1,1,1,1,1,1,0,0,0,0,1,0,0,0,0,1,0,1,0,0,1,0,2,1,0,1,1,1,1,0,0,6,normal,0,0,0,0,0,0,0,0,0,0,0,0,1
refresh_misuse_rejected,14,1,1,1,1,1,1,2,1,1,1,1,1,1,0,0,0,0,1,0,0,0,0,1,0,1,0,0,1,0,2,1,0,1,1,1,1,0,0,6,normal,0,0,0,0,0,0,0,0,0,0,0,0,1
refresh_misuse_rejected,15,1,1,1,1,1,1,2,1,1,1,1,1,1,0,0,0,0,1,0,0,0,0,1,0,1,0,0,1,0,2,1,0,1,1,1,1,0,0,6,normal,0,0,0,0,0,0,0,0,0,0,0,0,1
refresh_misuse_rejected,16,1,1,1,1,1,1,2,1,1,1,1,1,1,0,0,0,0,1,0,0,0,0,1,0,1,0,0,1,0,2,1,0,1,1,1,1,0,0,6,normal,0,0,0,0,0,0,0,0,0,0,0,0,1
refresh_misuse_rejected,17,1,1,1,1,1,1,2,1,1,1,1,1,1,0,0,0,0,1,0,0,0,0,1,0,1,0,0,1,0,2,1,0,1,1,1,1,0,0,6,normal,0,0,0,0,0,0,0,0,0,0,0,0,1
refresh_misuse_rejected,18,1,1,1,1,1,1,2,1,1,1,1,1,1,0,0,0,0,1,0,0,0,0,1,0,1,0,0,1,0,2,1,0,1,1,1,1,0,0,6,normal,0,0,0,0,0,0,0,0,0,0,0,0,1
refresh_misuse_rejected,19,1,1,1,1,1,1,2,1,1,1,1,1,1,0,0,0,0,1,0,0,0,0,1,0,1,0,0,1,0,2,1,0,1,1,1,1,0,0,6,normal,0,0,0,0,0,0,0,0,0,0,0,0,1
refresh_misuse_rejected,2,1,1,1,1,1,1,2,1,1,1,1,1,1,0,0,0,0,1,0,0,0,0,1,0,1,0,0,1,0,2,1,0,1,1,1,1,0,0,6,normal,0,0,0,0,0,0,0,0,0,0,0,0,1
refresh_misuse_rejected,20,1,1,1,1,1,1,2,1,1,1,1,1,1,0,0,0,0,1,0,0,0,0,1,0,1,0,0,1,0,2,1,0,1,1,1,1,0,0,6,normal,0,0,0,0,0,0,0,0,0,0,0,0,1
refresh_misuse_rejected,21,1,1,1,1,1,1,2,1,1,1,1,1,1,0,0,0,0,1,0,0,0,0,1,0,1,0,0,1,0,2,1,0,1,1,1,1,0,0,6,normal,0,0,0,0,0,0,0,0,0,0,0,0,1
refresh_misuse_rejected,22,1,1,1,1,1,1,2,1,1,1,1,1,1,0,0,0,0,1,0,0,0,0,1,0,1,0,0,1,0,2,1,0,1,1,1,1,0,0,6,normal,0,0,0,0,0,0,0,0,0,0,0,0,1
refresh_misuse_rejected,23,1,1,1,1,1,1,2,1,1,1,1,1,1,0,0,0,0,1,0,0,0,0,1,0,1,0,0,1,0,2,1,0,1,1,1,1,0,0,6,normal,0,0,0,0,0,0,0,0,0,0,0,0,1
refresh_misuse_rejected,24,1,1,1,1,1,1,2,1,1,1,1,1,1,0,0,0,0,1,0,0,0,0,1,0,1,0,0,1,0,2,1,0,1,1,1,1,0,0,6,normal,0,0,0,0,0,0,0,0,0,0,0,0,1
refresh_misuse_rejected,25,1,1,1,1,1,1,2,1,1,1,1,1,1,0,0,0,0,1,0,0,0,0,1,0,1,0,0,1,0,2,1,0,1,1,1,1,0,0,6,normal,0,0,0,0,0,0,0,0,0,0,0,0,1
refresh_misuse_rejected,26,1,1,1,1,1,1,2,1,1,1,1,1,1,0,0,0,0,1,0,0,0,0,1,0,1,0,0,1,0,2,1,0,1,1,1,1,0,0,6,normal,0,0,0,0,0,0,0,0,0,0,0,0,1
refresh_misuse_rejected,27,1,1,1,1,1,1,2,1,1,1,1,1,1,0,0,0,0,1,0,0,0,0,1,0,1,0,0,1,0,2,1,0,1,1,1,1,0,0,6,normal,0,0,0,0,0,0,0,0,0,0,0,0,1
refresh_misuse_rejected,28,1,1,1,1,1,1,2,1,1,1,1,1,1,0,0,0,0,1,0,0,0,0,1,0,1,0,0,1,0,2,1,0,1,1,1,1,0,0,6,normal,0,0,0,0,0,0,0,0,0,0,0,0,1
refresh_misuse_rejected,29,1,1,1,1,1,1,2,1,1,1,1,1,1,0,0,0,0,1,0,0,0,0,1,0,1,0,0,1,0,2,1,0,1,1,1,1,0,0,6,normal,0,0,0,0,0,0,0,0,0,0,0,0,1
refresh_misuse_rejected,3,1,1,1,1,1,1,2,1,1,1,1,1,1,0,0,0,0,1,0,0,0,0,1,0,1,0,0,1,0,2,1,0,1,1,1,1,0,0,6,normal,0,0,0,0,0,0,0,0,0,0,0,0,1
refresh_misuse_rejected,30,1,1,1,1,1,1,2,1,1,1,1,1,1,0,0,0,0,1,0,0,0,0,1,0,1,0,0,1,0,2,1,0,1,1,1,1,0,0,6,normal,0,0,0,0,0,0,0,0,0,0,0,0,1
refresh_misuse_rejected,31,1,1,1,1,1,1,2,1,1,1,1,1,1,0,0,0,0,1,0,0,0,0,1,0,1,0,0,1,0,2,1,0,1,1,1,1,0,0,6,normal,0,0,0,0,0,0,0,0,0,0,0,0,1
refresh_misuse_rejected,32,1,1,1,1,1,1,2,1,1,1,1,1,1,0,0,0,0,1,0,0,0,0,1,0,1,0,0,1,0,2,1,0,1,1,1,1,0,0,6,normal,0,0,0,0,0,0,0,0,0,0,0,0,1
refresh_misuse_rejected,33,1,1,1,1,1,1,2,1,1,1,1,1,1,0,0,0,0,1,0,0,0,0,1,0,1,0,0,1,0,2,1,0,1,1,1,1,0,0,6,normal,0,0,0,0,0,0,0,0,0,0,0,0,1
refresh_misuse_rejected,34,1,1,1,1,1,1,2,1,1,1,1,1,1,0,0,0,0,1,0,0,0,0,1,0,1,0,0,1,0,2,1,0,1,1,1,1,0,0,6,normal,0,0,0,0,0,0,0,0,0,0,0,0,1
refresh_misuse_rejected,35,1,1,1,1,1,1,2,1,1,1,1,1,1,0,0,0,0,1,0,0,0,0,1,0,1,0,0,1,0,2,1,0,1,1,1,1,0,0,6,normal,0,0,0,0,0,0,0,0,0,0,0,0,1
refresh_misuse_rejected,36,1,1,1,1,1,1,2,1,1,1,1,1,1,0,0,0,0,1,0,0,0,0,1,0,1,0,0,1,0,2,1,0,1,1,1,1,0,0,6,normal,0,0,0,0,0,0,0,0,0,0,0,0,1
refresh_misuse_rejected,37,1,1,1,1,1,1,2,1,1,1,1,1,1,0,0,0,0,1,0,0,0,0,1,0,1,0,0,1,0,2,1,0,1,1,1,1,0,0,6,normal,0,0,0,0,0,0,0,0,0,0,0,0,1
refresh_misuse_rejected,38,1,1,1,1,1,1,2,1,1,1,1,1,1,0,0,0,0,1,0,0,0,0,1,0,1,0,0,1,0,2,1,0,1,1,1,1,0,0,6,normal,0,0,0,0,0,0,0,0,0,0,0,0,1
refresh_misuse_rejected,39,1,1,1,1,1,1,2,1,1,1,1,1,1,0,0,0,0,1,0,0,0,0,1,0,1,0,0,1,0,2,1,0,1,1,1,1,0,0,6,normal,0,0,0,0,0,0,0,0,0,0,0,0,1
refresh_misuse_rejected,4,1,1,1,1,1,1,2,1,1,1,1,1,1,0,0,0,0,1,0,0,0,0,1,0,1,0,0,1,0,2,1,0,1,1,1,1,0,0,6,normal,0,0,0,0,0,0,0,0,0,0,0,0,1
refresh_misuse_rejected,40,1,1,1,1,1,1,2,1,1,1,1,1,1,0,0,0,0,1,0,0,0,0,1,0,1,0,0,1,0,2,1,0,1,1,1,1,0,0,6,normal,0,0,0,0,0,0,0,0,0,0,0,0,1
refresh_misuse_rejected,41,1,1,1,1,1,1,2,1,1,1,1,1,1,0,0,0,0,1,0,0,0,0,1,0,1,0,0,1,0,2,1,0,1,1,1,1,0,0,6,normal,0,0,0,0,0,0,0,0,0,0,0,0,1
refresh_misuse_rejected,42,1,1,1,1,1,1,2,1,1,1,1,1,1,0,0,0,0,1,0,0,0,0,1,0,1,0,0,1,0,2,1,0,1,1,1,1,0,0,6,normal,0,0,0,0,0,0,0,0,0,0,0,0,1
refresh_misuse_rejected,43,1,1,1,1,1,1,2,1,1,1,1,1,1,0,0,0,0,1,0,0,0,0,1,0,1,0,0,1,0,2,1,0,1,1,1,1,0,0,6,normal,0,0,0,0,0,0,0,0,0,0,0,0,1
refresh_misuse_rejected,44,1,1,1,1,1,1,2,1,1,1,1,1,1,0,0,0,0,1,0,0,0,0,1,0,1,0,0,1,0,2,1,0,1,1,1,1,0,0,6,normal,0,0,0,0,0,0,0,0,0,0,0,0,1
refresh_misuse_rejected,45,1,1,1,1,1,1,2,1,1,1,1,1,1,0,0,0,0,1,0,0,0,0,1,0,1,0,0,1,0,2,1,0,1,1,1,1,0,0,6,normal,0,0,0,0,0,0,0,0,0,0,0,0,1
refresh_misuse_rejected,46,1,1,1,1,1,1,2,1,1,1,1,1,1,0,0,0,0,1,0,0,0,0,1,0,1,0,0,1,0,2,1,0,1,1,1,1,0,0,6,normal,0,0,0,0,0,0,0,0,0,0,0,0,1
refresh_misuse_rejected,47,1,1,1,1,1,1,2,1,1,1,1,1,1,0,0,0,0,1,0,0,0,0,1,0,1,0,0,1,0,2,1,0,1,1,1,1,0,0,6,normal,0,0,0,0,0,0,0,0,0,0,0,0,1
refresh_misuse_rejected,48,1,1,1,1,1,1,2,1,1,1,1,1,1,0,0,0,0,1,0,0,0,0,1,0,1,0,0,1,0,2,1,0,1,1,1,1,0,0,6,normal,0,0,0,0,0,0,0,0,0,0,0,0,1
refresh_misuse_rejected,49,1,1,1,1,1,1,2,1,1,1,1,1,1,0,0,0,0,1,0,0,0,0,1,0,1,0,0,1,0,2,1,0,1,1,1,1,0,0,6,normal,0,0,0,0,0,0,0,0,0,0,0,0,1
refresh_misuse_rejected,5,1,1,1,1,1,1,2,1,1,1,1,1,1,0,0,0,0,1,0,0,0,0,1,0,1,0,0,1,0,2,1,0,1,1,1,1,0,0,6,normal,0,0,0,0,0,0,0,0,0,0,0,0,1
refresh_misuse_rejected,50,1,1,1,1,1,1,2,1,1,1,1,1,1,0,0,0,0,1,0,0,0,0,1,0,1,0,0,1,0,2,1,0,1,1,1,1,0,0,6,normal,0,0,0,0,0,0,0,0,0,0,0,0,1
refresh_misuse_rejected,51,1,1,1,1,1,1,2,1,1,1,1,1,1,0,0,0,0,1,0,0,0,0,1,0,1,0,0,1,0,2,1,0,1,1,1,1,0,0,6,normal,0,0,0,0,0,0,0,0,0,0,0,0,1
refresh_misuse_rejected,52,1,1,1,1,1,1,2,1,1,1,1,1,1,0,0,0,0,1,0,0,0,0,1,0,1,0,0,1,0,2,1,0,1,1,1,1,0,0,6,normal,0,0,0,0,0,0,0,0,0,0,0,0,1
refresh_misuse_rejected,53,1,1,1,1,1,1,2,1,1,1,1,1,1,0,0,0,0,1,0,0,0,0,1,0,1,0,0,1,0,2,1,0,1,1,1,1,0,0,6,normal,0,0,0,0,0,0,0,0,0,0,0,0,1
refresh_misuse_rejected,54,1,1,1,1,1,1,2,1,1,1,1,1,1,0,0,0,0,1,0,0,0,0,1,0,1,0,0,1,0,2,1,0,1,1,1,1,0,0,6,normal,0,0,0,0,0,0,0,0,0,0,0,0,1
refresh_misuse_rejected,55,1,1,1,1,1,1,2,1,1,1,1,1,1,0,0,0,0,1,0,0,0,0,1,0,1,0,0,1,0,2,1,0,1,1,1,1,0,0,6,normal,0,0,0,0,0,0,0,0,0,0,0,0,1
refresh_misuse_rejected,56,1,1,1,1,1,1,2,1,1,1,1,1,1,0,0,0,0,1,0,0,0,0,1,0,1,0,0,1,0,2,1,0,1,1,1,1,0,0,6,normal,0,0,0,0,0,0,0,0,0,0,0,0,1
refresh_misuse_rejected,57,1,1,1,1,1,1,2,1,1,1,1,1,1,0,0,0,0,1,0,0,0,0,1,0,1,0,0,1,0,2,1,0,1,1,1,1,0,0,6,normal,0,0,0,0,0,0,0,0,0,0,0,0,1
refresh_misuse_rejected,58,1,1,1,1,1,1,2,1,1,1,1,1,1,0,0,0,0,1,0,0,0,0,1,0,1,0,0,1,0,2,1,0,1,1,1,1,0,0,6,normal,0,0,0,0,0,0,0,0,0,0,0,0,1
refresh_misuse_rejected,59,1,1,1,1,1,1,2,1,1,1,1,1,1,0,0,0,0,1,0,0,0,0,1,0,1,0,0,1,0,2,1,0,1,1,1,1,0,0,6,normal,0,0,0,0,0,0,0,0,0,0,0,0,1
refresh_misuse_rejected,6,1,1,1,1,1,1,2,1,1,1,1,1,1,0,0,0,0,1,0,0,0,0,1,0,1,0,0,1,0,2,1,0,1,1,1,1,0,0,6,normal,0,0,0,0,0,0,0,0,0,0,0,0,1
refresh_misuse_rejected,60,1,1,1,1,1,1,2,1,1,1,1,1,1,0,0,0,0,1,0,0,0,0,1,0,1,0,0,1,0,2,1,0,1,1,1,1,0,0,6,normal,0,0,0,0,0,0,0,0,0,0,0,0,1
refresh_misuse_rejected,61,1,1,1,1,1,1,2,1,1,1,1,1,1,0,0,0,0,1,0,0,0,0,1,0,1,0,0,1,0,2,1,0,1,1,1,1,0,0,6,normal,0,0,0,0,0,0,0,0,0,0,0,0,1
refresh_misuse_rejected,62,1,1,1,1,1,1,2,1,1,1,1,1,1,0,0,0,0,1,0,0,0,0,1,0,1,0,0,1,0,2,1,0,1,1,1,1,0,0,6,normal,0,0,0,0,0,0,0,0,0,0,0,0,1
refresh_misuse_rejected,63,1,1,1,1,1,1,2,1,1,1,1,1,1,0,0,0,0,1,0,0,0,0,1,0,1,0,0,1,0,2,1,0,1,1,1,1,0,0,6,normal,0,0,0,0,0,0,0,0,0,0,0,0,1
refresh_misuse_rejected,64,1,1,1,1,1,1,2,1,1,1,1,1,1,0,0,0,0,1,0,0,0,0,1,0,1,0,0,1,0,2,1,0,1,1,1,1,0,0,6,normal,0,0,0,0,0,0,0,0,0,0,0,0,1
refresh_misuse_rejected,65,1,1,1,1,1,1,2,1,1,1,1,1,1,0,0,0,0,1,0,0,0,0,1,0,1,0,0,1,0,2,1,0,1,1,1,1,0,0,6,normal,0,0,0,0,0,0,0,0,0,0,0,0,1
refresh_misuse_rejected,66,1,1,1,1,1,1,2,1,1,1,1,1,1,0,0,0,0,1,0,0,0,0,1,0,1,0,0,1,0,2,1,0,1,1,1,1,0,0,6,normal,0,0,0,0,0,0,0,0,0,0,0,0,1
refresh_misuse_rejected,67,1,1,1,1,1,1,2,1,1,1,1,1,1,0,0,0,0,1,0,0,0,0,1,0,1,0,0,1,0,2,1,0,1,1,1,1,0,0,6,normal,0,0,0,0,0,0,0,0,0,0,0,0,1
refresh_misuse_rejected,68,1,1,1,1,1,1,2,1,1,1,1,1,1,0,0,0,0,1,0,0,0,0,1,0,1,0,0,1,0,2,1,0,1,1,1,1,0,0,6,normal,0,0,0,0,0,0,0,0,0,0,0,0,1
refresh_misuse_rejected,69,1,1,1,1,1,1,2,1,1,1,1,1,1,0,0,0,0,1,0,0,0,0,1,0,1,0,0,1,0,2,1,0,1,1,1,1,0,0,6,normal,0,0,0,0,0,0,0,0,0,0,0,0,1
refresh_misuse_rejected,7,1,1,1,1,1,1,2,1,1,1,1,1,1,0,0,0,0,1,0,0,0,0,1,0,1,0,0,1,0,2,1,0,1,1,1,1,0,0,6,normal,0,0,0,0,0,0,0,0,0,0,0,0,1
refresh_misuse_rejected,70,1,1,1,1,1,1,2,1,1,1,1,1,1,0,0,0,0,1,0,0,0,0,1,0,1,0,0,1,0,2,1,0,1,1,1,1,0,0,6,normal,0,0,0,0,0,0,0,0,0,0,0,0,1
refresh_misuse_rejected,71,1,1,1,1,1,1,2,1,1,1,1,1,1,0,0,0,0,1,0,0,0,0,1,0,1,0,0,1,0,2,1,0,1,1,1,1,0,0,6,normal,0,0,0,0,0,0,0,0,0,0,0,0,1
refresh_misuse_rejected,72,1,1,1,1,1,1,2,1,1,1,1,1,1,0,0,0,0,1,0,0,0,0,1,0,1,0,0,1,0,2,1,0,1,1,1,1,0,0,6,normal,0,0,0,0,0,0,0,0,0,0,0,0,1
refresh_misuse_rejected,73,1,1,1,1,1,1,2,1,1,1,1,1,1,0,0,0,0,1,0,0,0,0,1,0,1,0,0,1,0,2,1,0,1,1,1,1,0,0,6,normal,0,0,0,0,0,0,0,0,0,0,0,0,1
refresh_misuse_rejected,74,1,1,1,1,1,1,2,1,1,1,1,1,1,0,0,0,0,1,0,0,0,0,1,0,1,0,0,1,0,2,1,0,1,1,1,1,0,0,6,normal,0,0,0,0,0,0,0,0,0,0,0,0,1
refresh_misuse_rejected,75,1,1,1,1,1,1,2,1,1,1,1,1,1,0,0,0,0,1,0,0,0,0,1,0,1,0,0,1,0,2,1,0,1,1,1,1,0,0,6,normal,0,0,0,0,0,0,0,0,0,0,0,0,1
refresh_misuse_rejected,76,1,1,1,1,1,1,2,1,1,1,1,1,1,0,0,0,0,1,0,0,0,0,1,0,1,0,0,1,0,2,1,0,1,1,1,1,0,0,6,normal,0,0,0,0,0,0,0,0,0,0,0,0,1
refresh_misuse_rejected,77,1,1,1,1,1,1,2,1,1,1,1,1,1,0,0,0,0,1,0,0,0,0,1,0,1,0,0,1,0,2,1,0,1,1,1,1,0,0,6,normal,0,0,0,0,0,0,0,0,0,0,0,0,1
refresh_misuse_rejected,78,1,1,1,1,1,1,2,1,1,1,1,1,1,0,0,0,0,1,0,0,0,0,1,0,1,0,0,1,0,2,1,0,1,1,1,1,0,0,6,normal,0,0,0,0,0,0,0,0,0,0,0,0,1
refresh_misuse_rejected,79,1,1,1,1,1,1,2,1,1,1,1,1,1,0,0,0,0,1,0,0,0,0,1,0,1,0,0,1,0,2,1,0,1,1,1,1,0,0,6,normal,0,0,0,0,0,0,0,0,0,0,0,0,1
refresh_misuse_rejected,8,1,1,1,1,1,1,2,1,1,1,1,1,1,0,0,0,0,1,0,0,0,0,1,0,1,0,0,1,0,2,1,0,1,1,1,1,0,0,6,normal,0,0,0,0,0,0,0,0,0,0,0,0,1
refresh_misuse_rejected,80,1,1,1,1,1,1,2,1,1,1,1,1,1,0,0,0,0,1,0,0,0,0,1,0,1,0,0,1,0,2,1,0,1,1,1,1,0,0,6,normal,0,0,0,0,0,0,0,0,0,0,0,0,1
refresh_misuse_rejected,81,1,1,1,1,1,1,2,1,1,1,1,1,1,0,0,0,0,1,0,0,0,0,1,0,1,0,0,1,0,2,1,0,1,1,1,1,0,0,6,normal,0,0,0,0,0,0,0,0,0,0,0,0,1
refresh_misuse_rejected,82,1,1,1,1,1,1,2,1,1,1,1,1,1,0,0,0,0,1,0,0,0,0,1,0,1,0,0,1,0,2,1,0,1,1,1,1,0,0,6,normal,0,0,0,0,0,0,0,0,0,0,0,0,1
refresh_misuse_rejected,83,1,1,1,1,1,1,2,1,1,1,1,1,1,0,0,0,0,1,0,0,0,0,1,0,1,0,0,1,0,2,1,0,1,1,1,1,0,0,6,normal,0,0,0,0,0,0,0,0,0,0,0,0,1
refresh_misuse_rejected,84,1,1,1,1,1,1,2,1,1,1,1,1,1,0,0,0,0,1,0,0,0,0,1,0,1,0,0,1,0,2,1,0,1,1,1,1,0,0,6,normal,0,0,0,0,0,0,0,0,0,0,0,0,1
refresh_misuse_rejected,85,1,1,1,1,1,1,2,1,1,1,1,1,1,0,0,0,0,1,0,0,0,0,1,0,1,0,0,1,0,2,1,0,1,1,1,1,0,0,6,normal,0,0,0,0,0,0,0,0,0,0,0,0,1
refresh_misuse_rejected,86,1,1,1,1,1,1,2,1,1,1,1,1,1,0,0,0,0,1,0,0,0,0,1,0,1,0,0,1,0,2,1,0,1,1,1,1,0,0,6,normal,0,0,0,0,0,0,0,0,0,0,0,0,1
refresh_misuse_rejected,87,1,1,1,1,1,1,2,1,1,1,1,1,1,0,0,0,0,1,0,0,0,0,1,0,1,0,0,1,0,2,1,0,1,1,1,1,0,0,6,normal,0,0,0,0,0,0,0,0,0,0,0,0,1
refresh_misuse_rejected,88,1,1,1,1,1,1,2,1,1,1,1,1,1,0,0,0,0,1,0,0,0,0,1,0,1,0,0,1,0,2,1,0,1,1,1,1,0,0,6,normal,0,0,0,0,0,0,0,0,0,0,0,0,1
refresh_misuse_rejected,89,1,1,1,1,1,1,2,1,1,1,1,1,1,0,0,0,0,1,0,0,0,0,1,0,1,0,0,1,0,2,1,0,1,1,1,1,0,0,6,normal,0,0,0,0,0,0,0,0,0,0,0,0,1
refresh_misuse_rejected,9,1,1,1,1,1,1,2,1,1,1,1,1,1,0,0,0,0,1,0,0,0,0,1,0,1,0,0,1,0,2,1,0,1,1,1,1,0,0,6,normal,0,0,0,0,0,0,0,0,0,0,0,0,1
refresh_misuse_rejected,90,1,1,1,1,1,1,2,1,1,1,1,1,1,0,0,0,0,1,0,0,0,0,1,0,1,0,0,1,0,2,1,0,1,1,1,1,0,0,6,normal,0,0,0,0,0,0,0,0,0,0,0,0,1
refresh_misuse_rejected,91,1,1,1,1,1,1,2,1,1,1,1,1,1,0,0,0,0,1,0,0,0,0,1,0,1,0,0,1,0,2,1,0,1,1,1,1,0,0,6,normal,0,0,0,0,0,0,0,0,0,0,0,0,1
refresh_misuse_rejected,92,1,1,1,1,1,1,2,1,1,1,1,1,1,0,0,0,0,1,0,0,0,0,1,0,1,0,0,1,0,2,1,0,1,1,1,1,0,0,6,normal,0,0,0,0,0,0,0,0,0,0,0,0,1
refresh_misuse_rejected,93,1,1,1,1,1,1,2,1,1,1,1,1,1,0,0,0,0,1,0,0,0,0,1,0,1,0,0,1,0,2,1,0,1,1,1,1,0,0,6,normal,0,0,0,0,0,0,0,0,0,0,0,0,1
refresh_misuse_rejected,94,1,1,1,1,1,1,2,1,1,1,1,1,1,0,0,0,0,1,0,0,0,0,1,0,1,0,0,1,0,2,1,0,1,1,1,1,0,0,6,normal,0,0,0,0,0,0,0,0,0,0,0,0,1
refresh_misuse_rejected,95,1,1,1,1,1,1,2,1,1,1,1,1,1,0,0,0,0,1,0,0,0,0,1,0,1,0,0,1,0,2,1,0,1,1,1,1,0,0,6,normal,0,0,0,0,0,0,0,0,0,0,0,0,1
refresh_misuse_rejected,96,1,1,1,1,1,1,2,1,1,1,1,1,1,0,0,0,0,1,0,0,0,0,1,0,1,0,0,1,0,2,1,0,1,1,1,1,0,0,6,normal,0,0,0,0,0,0,0,0,0,0,0,0,1
refresh_misuse_rejected,97,1,1,1,1,1,1,2,1,1,1,1,1,1,0,0,0,0,1,0,0,0,0,1,0,1,0,0,1,0,2,1,0,1,1,1,1,0,0,6,normal,0,0,0,0,0,0,0,0,0,0,0,0,1
refresh_misuse_rejected,98,1,1,1,1,1,1,2,1,1,1,1,1,1,0,0,0,0,1,0,0,0,0,1,0,1,0,0,1,0,2,1,0,1,1,1,1,0,0,6,normal,0,0,0,0,0,0,0,0,0,0,0,0,1
refresh_misuse_rejected,99,1,1,1,1,1,1,2,1,1,1,1,1,1,0,0,0,0,1,0,0,0,0,1,0,1,0,0,1,0,2,1,0,1,1,1,1,0,0,6,normal,0,0,0,0,0,0,0,0,0,0,0,0,1
refresh_misuse_stolen,1,0,0,0,0,0,0,0,0,0,0,0,0,0,0,0,0,0,0,0,0,0,0,0,0,0,0,0,0,0,1,0,0,0,0,0,0,0,0,7,refresh_misuse_stolen,1,0,1,0,0,1,1,1,0,0,1,1,0
refresh_misuse_stolen,10,0,0,0,0,0,0,0,0,0,0,0,0,0,0,0,0,0,0,0,0,0,0,0,0,0,0,0,0,0,1,0,0,0,0,0,0,0,0,7,refresh_misuse_stolen,1,0,1,0,0,1,1,1,0,0,1,1,0
refresh_misuse_stolen,100,0,0,0,0,0,0,0,0,0,0,0,0,0,0,0,0,0,0,0,0,0,0,0,0,0,0,0,0,0,1,0,0,0,0,0,0,0,0,7,refresh_misuse_stolen,1,0,1,0,0,1,1,1,0,0,1,1,0
refresh_misuse_stolen,101,0,0,0,0,0,0,0,0,0,0,0,0,0,0,0,0,0,0,0,0,0,0,0,0,0,0,0,0,0,1,0,0,0,0,0,0,0,0,7,refresh_misuse_stolen,1,0,1,0,0,1,1,1,0,0,1,1,0
refresh_misuse_stolen,102,0,0,0,0,0,0,0,0,0,0,0,0,0,0,0,0,0,0,0,0,0,0,0,0,0,0,0,0,0,1,0,0,0,0,0,0,0,0,7,refresh_misuse_stolen,1,0,1,0,0,1,1,1,0,0,1,1,0
refresh_misuse_stolen,103,0,0,0,0,0,0,0,0,0,0,0,0,0,0,0,0,0,0,0,0,0,0,0,0,0,0,0,0,0,1,0,0,0,0,0,0,0,0,7,refresh_misuse_stolen,1,0,1,0,0,1,1,1,0,0,1,1,0
refresh_misuse_stolen,104,0,0,0,0,0,0,0,0,0,0,0,0,0,0,0,0,0,0,0,0,0,0,0,0,0,0,0,0,0,1,0,0,0,0,0,0,0,0,7,refresh_misuse_stolen,1,0,1,0,0,1,1,1,0,0,1,1,0
refresh_misuse_stolen,105,0,0,0,0,0,0,0,0,0,0,0,0,0,0,0,0,0,0,0,0,0,0,0,0,0,0,0,0,0,1,0,0,0,0,0,0,0,0,7,refresh_misuse_stolen,1,0,1,0,0,1,1,1,0,0,1,1,0
refresh_misuse_stolen,106,0,0,0,0,0,0,0,0,0,0,0,0,0,0,0,0,0,0,0,0,0,0,0,0,0,0,0,0,0,1,0,0,0,0,0,0,0,0,7,refresh_misuse_stolen,1,0,1,0,0,1,1,1,0,0,1,1,0
refresh_misuse_stolen,107,0,0,0,0,0,0,0,0,0,0,0,0,0,0,0,0,0,0,0,0,0,0,0,0,0,0,0,0,0,1,0,0,0,0,0,0,0,0,7,refresh_misuse_stolen,1,0,1,0,0,1,1,1,0,0,1,1,0
refresh_misuse_stolen,108,0,0,0,0,0,0,0,0,0,0,0,0,0,0,0,0,0,0,0,0,0,0,0,0,0,0,0,0,0,1,0,0,0,0,0,0,0,0,7,refresh_misuse_stolen,1,0,1,0,0,1,1,1,0,0,1,1,0
refresh_misuse_stolen,109,0,0,0,0,0,0,0,0,0,0,0,0,0,0,0,0,0,0,0,0,0,0,0,0,0,0,0,0,0,1,0,0,0,0,0,0,0,0,7,refresh_misuse_stolen,1,0,1,0,0,1,1,1,0,0,1,1,0
refresh_misuse_stolen,11,0,0,0,0,0,0,0,0,0,0,0,0,0,0,0,0,0,0,0,0,0,0,0,0,0,0,0,0,0,1,0,0,0,0,0,0,0,0,7,refresh_misuse_stolen,1,0,1,0,0,1,1,1,0,0,1,1,0
refresh_misuse_stolen,110,0,0,0,0,0,0,0,0,0,0,0,0,0,0,0,0,0,0,0,0,0,0,0,0,0,0,0,0,0,1,0,0,0,0,0,0,0,0,7,refresh_misuse_stolen,1,0,1,0,0,1,1,1,0,0,1,1,0
refresh_misuse_stolen,111,0,0,0,0,0,0,0,0,0,0,0,0,0,0,0,0,0,0,0,0,0,0,0,0,0,0,0,0,0,1,0,0,0,0,0,0,0,0,7,refresh_misuse_stolen,1,0,1,0,0,1,1,1,0,0,1,1,0
refresh_misuse_stolen,112,0,0,0,0,0,0,0,0,0,0,0,0,0,0,0,0,0,0,0,0,0,0,0,0,0,0,0,0,0,1,0,0,0,0,0,0,0,0,7,refresh_misuse_stolen,1,0,1,0,0,1,1,1,0,0,1,1,0
refresh_misuse_stolen,113,0,0,0,0,0,0,0,0,0,0,0,0,0,0,0,0,0,0,0,0,0,0,0,0,0,0,0,0,0,1,0,0,0,0,0,0,0,0,7,refresh_misuse_stolen,1,0,1,0,0,1,1,1,0,0,1,1,0
refresh_misuse_stolen,114,0,0,0,0,0,0,0,0,0,0,0,0,0,0,0,0,0,0,0,0,0,0,0,0,0,0,0,0,0,1,0,0,0,0,0,0,0,0,7,refresh_misuse_stolen,1,0,1,0,0,1,1,1,0,0,1,1,0
refresh_misuse_stolen,115,0,0,0,0,0,0,0,0,0,0,0,0,0,0,0,0,0,0,0,0,0,0,0,0,0,0,0,0,0,1,0,0,0,0,0,0,0,0,7,refresh_misuse_stolen,1,0,1,0,0,1,1,1,0,0,1,1,0
refresh_misuse_stolen,116,0,0,0,0,0,0,0,0,0,0,0,0,0,0,0,0,0,0,0,0,0,0,0,0,0,0,0,0,0,1,0,0,0,0,0,0,0,0,7,refresh_misuse_stolen,1,0,1,0,0,1,1,1,0,0,1,1,0
refresh_misuse_stolen,117,0,0,0,0,0,0,0,0,0,0,0,0,0,0,0,0,0,0,0,0,0,0,0,0,0,0,0,0,0,1,0,0,0,0,0,0,0,0,7,refresh_misuse_stolen,1,0,1,0,0,1,1,1,0,0,1,1,0
refresh_misuse_stolen,118,0,0,0,0,0,0,0,0,0,0,0,0,0,0,0,0,0,0,0,0,0,0,0,0,0,0,0,0,0,1,0,0,0,0,0,0,0,0,7,refresh_misuse_stolen,1,0,1,0,0,1,1,1,0,0,1,1,0
refresh_misuse_stolen,119,0,0,0,0,0,0,0,0,0,0,0,0,0,0,0,0,0,0,0,0,0,0,0,0,0,0,0,0,0,1,0,0,0,0,0,0,0,0,7,refresh_misuse_stolen,1,0,1,0,0,1,1,1,0,0,1,1,0
refresh_misuse_stolen,12,0,0,0,0,0,0,0,0,0,0,0,0,0,0,0,0,0,0,0,0,0,0,0,0,0,0,0,0,0,1,0,0,0,0,0,0,0,0,7,refresh_misuse_stolen,1,0,1,0,0,1,1,1,0,0,1,1,0
refresh_misuse_stolen,120,0,0,0,0,0,0,0,0,0,0,0,0,0,0,0,0,0,0,0,0,0,0,0,0,0,0,0,0,0,1,0,0,0,0,0,0,0,0,7,refresh_misuse_stolen,1,0,1,0,0,1,1,1,0,0,1,1,0
refresh_misuse_stolen,121,0,0,0,0,0,0,0,0,0,0,0,0,0,0,0,0,0,0,0,0,0,0,0,0,0,0,0,0,0,1,0,0,0,0,0,0,0,0,7,refresh_misuse_stolen,1,0,1,0,0,1,1,1,0,0,1,1,0
refresh_misuse_stolen,122,0,0,0,0,0,0,0,0,0,0,0,0,0,0,0,0,0,0,0,0,0,0,0,0,0,0,0,0,0,1,0,0,0,0,0,0,0,0,7,refresh_misuse_stolen,1,0,1,0,0,1,1,1,0,0,1,1,0
refresh_misuse_stolen,123,0,0,0,0,0,0,0,0,0,0,0,0,0,0,0,0,0,0,0,0,0,0,0,0,0,0,0,0,0,1,0,0,0,0,0,0,0,0,7,refresh_misuse_stolen,1,0,1,0,0,1,1,1,0,0,1,1,0
refresh_misuse_stolen,124,0,0,0,0,0,0,0,0,0,0,0,0,0,0,0,0,0,0,0,0,0,0,0,0,0,0,0,0,0,1,0,0,0,0,0,0,0,0,7,refresh_misuse_stolen,1,0,1,0,0,1,1,1,0,0,1,1,0
refresh_misuse_stolen,125,0,0,0,0,0,0,0,0,0,0,0,0,0,0,0,0,0,0,0,0,0,0,0,0,0,0,0,0,0,1,0,0,0,0,0,0,0,0,7,refresh_misuse_stolen,1,0,1,0,0,1,1,1,0,0,1,1,0
refresh_misuse_stolen,13,0,0,0,0,0,0,0,0,0,0,0,0,0,0,0,0,0,0,0,0,0,0,0,0,0,0,0,0,0,1,0,0,0,0,0,0,0,0,7,refresh_misuse_stolen,1,0,1,0,0,1,1,1,0,0,1,1,0
refresh_misuse_stolen,14,0,0,0,0,0,0,0,0,0,0,0,0,0,0,0,0,0,0,0,0,0,0,0,0,0,0,0,0,0,1,0,0,0,0,0,0,0,0,7,refresh_misuse_stolen,1,0,1,0,0,1,1,1,0,0,1,1,0
refresh_misuse_stolen,15,0,0,0,0,0,0,0,0,0,0,0,0,0,0,0,0,0,0,0,0,0,0,0,0,0,0,0,0,0,1,0,0,0,0,0,0,0,0,7,refresh_misuse_stolen,1,0,1,0,0,1,1,1,0,0,1,1,0
refresh_misuse_stolen,16,0,0,0,0,0,0,0,0,0,0,0,0,0,0,0,0,0,0,0,0,0,0,0,0,0,0,0,0,0,1,0,0,0,0,0,0,0,0,7,refresh_misuse_stolen,1,0,1,0,0,1,1,1,0,0,1,1,0
refresh_misuse_stolen,17,0,0,0,0,0,0,0,0,0,0,0,0,0,0,0,0,0,0,0,0,0,0,0,0,0,0,0,0,0,1,0,0,0,0,0,0,0,0,7,refresh_misuse_stolen,1,0,1,0,0,1,1,1,0,0,1,1,0
refresh_misuse_stolen,18,0,0,0,0,0,0,0,0,0,0,0,0,0,0,0,0,0,0,0,0,0,0,0,0,0,0,0,0,0,1,0,0,0,0,0,0,0,0,7,refresh_misuse_stolen,1,0,1,0,0,1,1,1,0,0,1,1,0
refresh_misuse_stolen,19,0,0,0,0,0,0,0,0,0,0,0,0,0,0,0,0,0,0,0,0,0,0,0,0,0,0,0,0,0,1,0,0,0,0,0,0,0,0,7,refresh_misuse_stolen,1,0,1,0,0,1,1,1,0,0,1,1,0
refresh_misuse_stolen,2,0,0,0,0,0,0,0,0,0,0,0,0,0,0,0,0,0,0,0,0,0,0,0,0,0,0,0,0,0,1,0,0,0,0,0,0,0,0,7,refresh_misuse_stolen,1,0,1,0,0,1,1,1,0,0,1,1,0
refresh_misuse_stolen,20,0,0,0,0,0,0,0,0,0,0,0,0,0,0,0,0,0,0,0,0,0,0,0,0,0,0,0,0,0,1,0,0,0,0,0,0,0,0,7,refresh_misuse_stolen,1,0,1,0,0,1,1,1,0,0,1,1,0
refresh_misuse_stolen,21,0,0,0,0,0,0,0,0,0,0,0,0,0,0,0,0,0,0,0,0,0,0,0,0,0,0,0,0,0,1,0,0,0,0,0,0,0,0,7,refresh_misuse_stolen,1,0,1,0,0,1,1,1,0,0,1,1,0
refresh_misuse_stolen,22,0,0,0,0,0,0,0,0,0,0,0,0,0,0,0,0,0,0,0,0,0,0,0,0,0,0,0,0,0,1,0,0,0,0,0,0,0,0,7,refresh_misuse_stolen,1,0,1,0,0,1,1,1,0,0,1,1,0
refresh_misuse_stolen,23,0,0,0,0,0,0,0,0,0,0,0,0,0,0,0,0,0,0,0,0,0,0,0,0,0,0,0,0,0,1,0,0,0,0,0,0,0,0,7,refresh_misuse_stolen,1,0,1,0,0,1,1,1,0,0,1,1,0
refresh_misuse_stolen,24,0,0,0,0,0,0,0,0,0,0,0,0,0,0,0,0,0,0,0,0,0,0,0,0,0,0,0,0,0,1,0,0,0,0,0,0,0,0,7,refresh_misuse_stolen,1,0,1,0,0,1,1,1,0,0,1,1,0
refresh_misuse_stolen,25,0,0,0,0,0,0,0,0,0,0,0,0,0,0,0,0,0,0,0,0,0,0,0,0,0,0,0,0,0,1,0,0,0,0,0,0,0,0,7,refresh_misuse_stolen,1,0,1,0,0,1,1,1,0,0,1,1,0
refresh_misuse_stolen,26,0,0,0,0,0,0,0,0,0,0,0,0,0,0,0,0,0,0,0,0,0,0,0,0,0,0,0,0,0,1,0,0,0,0,0,0,0,0,7,refresh_misuse_stolen,1,0,1,0,0,1,1,1,0,0,1,1,0
refresh_misuse_stolen,27,0,0,0,0,0,0,0,0,0,0,0,0,0,0,0,0,0,0,0,0,0,0,0,0,0,0,0,0,0,1,0,0,0,0,0,0,0,0,7,refresh_misuse_stolen,1,0,1,0,0,1,1,1,0,0,1,1,0
refresh_misuse_stolen,28,0,0,0,0,0,0,0,0,0,0,0,0,0,0,0,0,0,0,0,0,0,0,0,0,0,0,0,0,0,1,0,0,0,0,0,0,0,0,7,refresh_misuse_stolen,1,0,1,0,0,1,1,1,0,0,1,1,0
refresh_misuse_stolen,29,0,0,0,0,0,0,0,0,0,0,0,0,0,0,0,0,0,0,0,0,0,0,0,0,0,0,0,0,0,1,0,0,0,0,0,0,0,0,7,refresh_misuse_stolen,1,0,1,0,0,1,1,1,0,0,1,1,0
refresh_misuse_stolen,3,0,0,0,0,0,0,0,0,0,0,0,0,0,0,0,0,0,0,0,0,0,0,0,0,0,0,0,0,0,1,0,0,0,0,0,0,0,0,7,refresh_misuse_stolen,1,0,1,0,0,1,1,1,0,0,1,1,0
refresh_misuse_stolen,30,0,0,0,0,0,0,0,0,0,0,0,0,0,0,0,0,0,0,0,0,0,0,0,0,0,0,0,0,0,1,0,0,0,0,0,0,0,0,7,refresh_misuse_stolen,1,0,1,0,0,1,1,1,0,0,1,1,0
refresh_misuse_stolen,31,0,0,0,0,0,0,0,0,0,0,0,0,0,0,0,0,0,0,0,0,0,0,0,0,0,0,0,0,0,1,0,0,0,0,0,0,0,0,7,refresh_misuse_stolen,1,0,1,0,0,1,1,1,0,0,1,1,0
refresh_misuse_stolen,32,0,0,0,0,0,0,0,0,0,0,0,0,0,0,0,0,0,0,0,0,0,0,0,0,0,0,0,0,0,1,0,0,0,0,0,0,0,0,7,refresh_misuse_stolen,1,0,1,0,0,1,1,1,0,0,1,1,0
refresh_misuse_stolen,33,0,0,0,0,0,0,0,0,0,0,0,0,0,0,0,0,0,0,0,0,0,0,0,0,0,0,0,0,0,1,0,0,0,0,0,0,0,0,7,refresh_misuse_stolen,1,0,1,0,0,1,1,1,0,0,1,1,0
refresh_misuse_stolen,34,0,0,0,0,0,0,0,0,0,0,0,0,0,0,0,0,0,0,0,0,0,0,0,0,0,0,0,0,0,1,0,0,0,0,0,0,0,0,7,refresh_misuse_stolen,1,0,1,0,0,1,1,1,0,0,1,1,0
refresh_misuse_stolen,35,0,0,0,0,0,0,0,0,0,0,0,0,0,0,0,0,0,0,0,0,0,0,0,0,0,0,0,0,0,1,0,0,0,0,0,0,0,0,7,refresh_misuse_stolen,1,0,1,0,0,1,1,1,0,0,1,1,0
refresh_misuse_stolen,36,0,0,0,0,0,0,0,0,0,0,0,0,0,0,0,0,0,0,0,0,0,0,0,0,0,0,0,0,0,1,0,0,0,0,0,0,0,0,7,refresh_misuse_stolen,1,0,1,0,0,1,1,1,0,0,1,1,0
refresh_misuse_stolen,37,0,0,0,0,0,0,0,0,0,0,0,0,0,0,0,0,0,0,0,0,0,0,0,0,0,0,0,0,0,1,0,0,0,0,0,0,0,0,7,refresh_misuse_stolen,1,0,1,0,0,1,1,1,0,0,1,1,0
refresh_misuse_stolen,38,0,0,0,0,0,0,0,0,0,0,0,0,0,0,0,0,0,0,0,0,0,0,0,0,0,0,0,0,0,1,0,0,0,0,0,0,0,0,7,refresh_misuse_stolen,1,0,1,0,0,1,1,1,0,0,1,1,0
refresh_misuse_stolen,39,0,0,0,0,0,0,0,0,0,0,0,0,0,0,0,0,0,0,0,0,0,0,0,0,0,0,0,0,0,1,0,0,0,0,0,0,0,0,7,refresh_misuse_stolen,1,0,1,0,0,1,1,1,0,0,1,1,0
refresh_misuse_stolen,4,0,0,0,0,0,0,0,0,0,0,0,0,0,0,0,0,0,0,0,0,0,0,0,0,0,0,0,0,0,1,0,0,0,0,0,0,0,0,7,refresh_misuse_stolen,1,0,1,0,0,1,1,1,0,0,1,1,0
refresh_misuse_stolen,40,0,0,0,0,0,0,0,0,0,0,0,0,0,0,0,0,0,0,0,0,0,0,0,0,0,0,0,0,0,1,0,0,0,0,0,0,0,0,7,refresh_misuse_stolen,1,0,1,0,0,1,1,1,0,0,1,1,0
refresh_misuse_stolen,41,0,0,0,0,0,0,0,0,0,0,0,0,0,0,0,0,0,0,0,0,0,0,0,0,0,0,0,0,0,1,0,0,0,0,0,0,0,0,7,refresh_misuse_stolen,1,0,1,0,0,1,1,1,0,0,1,1,0
refresh_misuse_stolen,42,0,0,0,0,0,0,0,0,0,0,0,0,0,0,0,0,0,0,0,0,0,0,0,0,0,0,0,0,0,1,0,0,0,0,0,0,0,0,7,refresh_misuse_stolen,1,0,1,0,0,1,1,1,0,0,1,1,0
refresh_misuse_stolen,43,0,0,0,0,0,0,0,0,0,0,0,0,0,0,0,0,0,0,0,0,0,0,0,0,0,0,0,0,0,1,0,0,0,0,0,0,0,0,7,refresh_misuse_stolen,1,0,1,0,0,1,1,1,0,0,1,1,0
refresh_misuse_stolen,44,0,0,0,0,0,0,0,0,0,0,0,0,0,0,0,0,0,0,0,0,0,0,0,0,0,0,0,0,0,1,0,0,0,0,0,0,0,0,7,refresh_misuse_stolen,1,0,1,0,0,1,1,1,0,0,1,1,0
refresh_misuse_stolen,45,0,0,0,0,0,0,0,0,0,0,0,0,0,0,0,0,0,0,0,0,0,0,0,0,0,0,0,0,0,1,0,0,0,0,0,0,0,0,7,refresh_misuse_stolen,1,0,1,0,0,1,1,1,0,0,1,1,0
refresh_misuse_stolen,46,0,0,0,0,0,0,0,0,0,0,0,0,0,0,0,0,0,0,0,0,0,0,0,0,0,0,0,0,0,1,0,0,0,0,0,0,0,0,7,refresh_misuse_stolen,1,0,1,0,0,1,1,1,0,0,1,1,0
refresh_misuse_stolen,47,0,0,0,0,0,0,0,0,0,0,0,0,0,0,0,0,0,0,0,0,0,0,0,0,0,0,0,0,0,1,0,0,0,0,0,0,0,0,7,refresh_misuse_stolen,1,0,1,0,0,1,1,1,0,0,1,1,0
refresh_misuse_stolen,48,0,0,0,0,0,0,0,0,0,0,0,0,0,0,0,0,0,0,0,0,0,0,0,0,0,0,0,0,0,1,0,0,0,0,0,0,0,0,7,refresh_misuse_stolen,1,0,1,0,0,1,1,1,0,0,1,1,0
refresh_misuse_stolen,49,0,0,0,0,0,0,0,0,0,0,0,0,0,0,0,0,0,0,0,0,0,0,0,0,0,0,0,0,0,1,0,0,0,0,0,0,0,0,7,refresh_misuse_stolen,1,0,1,0,0,1,1,1,0,0,1,1,0
refresh_misuse_stolen,5,0,0,0,0,0,0,0,0,0,0,0,0,0,0,0,0,0,0,0,0,0,0,0,0,0,0,0,0,0,1,0,0,0,0,0,0,0,0,7,refresh_misuse_stolen,1,0,1,0,0,1,1,1,0,0,1,1,0
refresh_misuse_stolen,50,0,0,0,0,0,0,0,0,0,0,0,0,0,0,0,0,0,0,0,0,0,0,0,0,0,0,0,0,0,1,0,0,0,0,0,0,0,0,7,refresh_misuse_stolen,1,0,1,0,0,1,1,1,0,0,1,1,0
refresh_misuse_stolen,51,0,0,0,0,0,0,0,0,0,0,0,0,0,0,0,0,0,0,0,0,0,0,0,0,0,0,0,0,0,1,0,0,0,0,0,0,0,0,7,refresh_misuse_stolen,1,0,1,0,0,1,1,1,0,0,1,1,0
refresh_misuse_stolen,52,0,0,0,0,0,0,0,0,0,0,0,0,0,0,0,0,0,0,0,0,0,0,0,0,0,0,0,0,0,1,0,0,0,0,0,0,0,0,7,refresh_misuse_stolen,1,0,1,0,0,1,1,1,0,0,1,1,0
refresh_misuse_stolen,53,0,0,0,0,0,0,0,0,0,0,0,0,0,0,0,0,0,0,0,0,0,0,0,0,0,0,0,0,0,1,0,0,0,0,0,0,0,0,7,refresh_misuse_stolen,1,0,1,0,0,1,1,1,0,0,1,1,0
refresh_misuse_stolen,54,0,0,0,0,0,0,0,0,0,0,0,0,0,0,0,0,0,0,0,0,0,0,0,0,0,0,0,0,0,1,0,0,0,0,0,0,0,0,7,refresh_misuse_stolen,1,0,1,0,0,1,1,1,0,0,1,1,0
refresh_misuse_stolen,55,0,0,0,0,0,0,0,0,0,0,0,0,0,0,0,0,0,0,0,0,0,0,0,0,0,0,0,0,0,1,0,0,0,0,0,0,0,0,7,refresh_misuse_stolen,1,0,1,0,0,1,1,1,0,0,1,1,0
refresh_misuse_stolen,56,0,0,0,0,0,0,0,0,0,0,0,0,0,0,0,0,0,0,0,0,0,0,0,0,0,0,0,0,0,1,0,0,0,0,0,0,0,0,7,refresh_misuse_stolen,1,0,1,0,0,1,1,1,0,0,1,1,0
refresh_misuse_stolen,57,0,0,0,0,0,0,0,0,0,0,0,0,0,0,0,0,0,0,0,0,0,0,0,0,0,0,0,0,0,1,0,0,0,0,0,0,0,0,7,refresh_misuse_stolen,1,0,1,0,0,1,1,1,0,0,1,1,0
refresh_misuse_stolen,58,0,0,0,0,0,0,0,0,0,0,0,0,0,0,0,0,0,0,0,0,0,0,0,0,0,0,0,0,0,1,0,0,0,0,0,0,0,0,7,refresh_misuse_stolen,1,0,1,0,0,1,1,1,0,0,1,1,0
refresh_misuse_stolen,59,0,0,0,0,0,0,0,0,0,0,0,0,0,0,0,0,0,0,0,0,0,0,0,0,0,0,0,0,0,1,0,0,0,0,0,0,0,0,7,refresh_misuse_stolen,1,0,1,0,0,1,1,1,0,0,1,1,0
refresh_misuse_stolen,6,0,0,0,0,0,0,0,0,0,0,0,0,0,0,0,0,0,0,0,0,0,0,0,0,0,0,0,0,0,1,0,0,0,0,0,0,0,0,7,refresh_misuse_stolen,1,0,1,0,0,1,1,1,0,0,1,1,0
refresh_misuse_stolen,60,0,0,0,0,0,0,0,0,0,0,0,0,0,0,0,0,0,0,0,0,0,0,0,0,0,0,0,0,0,1,0,0,0,0,0,0,0,0,7,refresh_misuse_stolen,1,0,1,0,0,1,1,1,0,0,1,1,0
refresh_misuse_stolen,61,0,0,0,0,0,0,0,0,0,0,0,0,0,0,0,0,0,0,0,0,0,0,0,0,0,0,0,0,0,1,0,0,0,0,0,0,0,0,7,refresh_misuse_stolen,1,0,1,0,0,1,1,1,0,0,1,1,0
refresh_misuse_stolen,62,0,0,0,0,0,0,0,0,0,0,0,0,0,0,0,0,0,0,0,0,0,0,0,0,0,0,0,0,0,1,0,0,0,0,0,0,0,0,7,refresh_misuse_stolen,1,0,1,0,0,1,1,1,0,0,1,1,0
refresh_misuse_stolen,63,0,0,0,0,0,0,0,0,0,0,0,0,0,0,0,0,0,0,0,0,0,0,0,0,0,0,0,0,0,1,0,0,0,0,0,0,0,0,7,refresh_misuse_stolen,1,0,1,0,0,1,1,1,0,0,1,1,0
refresh_misuse_stolen,64,0,0,0,0,0,0,0,0,0,0,0,0,0,0,0,0,0,0,0,0,0,0,0,0,0,0,0,0,0,1,0,0,0,0,0,0,0,0,7,refresh_misuse_stolen,1,0,1,0,0,1,1,1,0,0,1,1,0
refresh_misuse_stolen,65,0,0,0,0,0,0,0,0,0,0,0,0,0,0,0,0,0,0,0,0,0,0,0,0,0,0,0,0,0,1,0,0,0,0,0,0,0,0,7,refresh_misuse_stolen,1,0,1,0,0,1,1,1,0,0,1,1,0
refresh_misuse_stolen,66,0,0,0,0,0,0,0,0,0,0,0,0,0,0,0,0,0,0,0,0,0,0,0,0,0,0,0,0,0,1,0,0,0,0,0,0,0,0,7,refresh_misuse_stolen,1,0,1,0,0,1,1,1,0,0,1,1,0
refresh_misuse_stolen,67,0,0,0,0,0,0,0,0,0,0,0,0,0,0,0,0,0,0,0,0,0,0,0,0,0,0,0,0,0,1,0,0,0,0,0,0,0,0,7,refresh_misuse_stolen,1,0,1,0,0,1,1,1,0,0,1,1,0
refresh_misuse_stolen,68,0,0,0,0,0,0,0,0,0,0,0,0,0,0,0,0,0,0,0,0,0,0,0,0,0,0,0,0,0,1,0,0,0,0,0,0,0,0,7,refresh_misuse_stolen,1,0,1,0,0,1,1,1,0,0,1,1,0
refresh_misuse_stolen,69,0,0,0,0,0,0,0,0,0,0,0,0,0,0,0,0,0,0,0,0,0,0,0,0,0,0,0,0,0,1,0,0,0,0,0,0,0,0,7,refresh_misuse_stolen,1,0,1,0,0,1,1,1,0,0,1,1,0
refresh_misuse_stolen,7,0,0,0,0,0,0,0,0,0,0,0,0,0,0,0,0,0,0,0,0,0,0,0,0,0,0,0,0,0,1,0,0,0,0,0,0,0,0,7,refresh_misuse_stolen,1,0,1,0,0,1,1,1,0,0,1,1,0
refresh_misuse_stolen,70,0,0,0,0,0,0,0,0,0,0,0,0,0,0,0,0,0,0,0,0,0,0,0,0,0,0,0,0,0,1,0,0,0,0,0,0,0,0,7,refresh_misuse_stolen,1,0,1,0,0,1,1,1,0,0,1,1,0
refresh_misuse_stolen,71,0,0,0,0,0,0,0,0,0,0,0,0,0,0,0,0,0,0,0,0,0,0,0,0,0,0,0,0,0,1,0,0,0,0,0,0,0,0,7,refresh_misuse_stolen,1,0,1,0,0,1,1,1,0,0,1,1,0
refresh_misuse_stolen,72,0,0,0,0,0,0,0,0,0,0,0,0,0,0,0,0,0,0,0,0,0,0,0,0,0,0,0,0,0,1,0,0,0,0,0,0,0,0,7,refresh_misuse_stolen,1,0,1,0,0,1,1,1,0,0,1,1,0
refresh_misuse_stolen,73,0,0,0,0,0,0,0,0,0,0,0,0,0,0,0,0,0,0,0,0,0,0,0,0,0,0,0,0,0,1,0,0,0,0,0,0,0,0,7,refresh_misuse_stolen,1,0,1,0,0,1,1,1,0,0,1,1,0
refresh_misuse_stolen,74,0,0,0,0,0,0,0,0,0,0,0,0,0,0,0,0,0,0,0,0,0,0,0,0,0,0,0,0,0,1,0,0,0,0,0,0,0,0,7,refresh_misuse_stolen,1,0,1,0,0,1,1,1,0,0,1,1,0
refresh_misuse_stolen,75,0,0,0,0,0,0,0,0,0,0,0,0,0,0,0,0,0,0,0,0,0,0,0,0,0,0,0,0,0,1,0,0,0,0,0,0,0,0,7,refresh_misuse_stolen,1,0,1,0,0,1,1,1,0,0,1,1,0
refresh_misuse_stolen,76,0,0,0,0,0,0,0,0,0,0,0,0,0,0,0,0,0,0,0,0,0,0,0,0,0,0,0,0,0,1,0,0,0,0,0,0,0,0,7,refresh_misuse_stolen,1,0,1,0,0,1,1,1,0,0,1,1,0
refresh_misuse_stolen,77,0,0,0,0,0,0,0,0,0,0,0,0,0,0,0,0,0,0,0,0,0,0,0,0,0,0,0,0,0,1,0,0,0,0,0,0,0,0,7,refresh_misuse_stolen,1,0,1,0,0,1,1,1,0,0,1,1,0
refresh_misuse_stolen,78,0,0,0,0,0,0,0,0,0,0,0,0,0,0,0,0,0,0,0,0,0,0,0,0,0,0,0,0,0,1,0,0,0,0,0,0,0,0,7,refresh_misuse_stolen,1,0,1,0,0,1,1,1,0,0,1,1,0
refresh_misuse_stolen,79,0,0,0,0,0,0,0,0,0,0,0,0,0,0,0,0,0,0,0,0,0,0,0,0,0,0,0,0,0,1,0,0,0,0,0,0,0,0,7,refresh_misuse_stolen,1,0,1,0,0,1,1,1,0,0,1,1,0
refresh_misuse_stolen,8,0,0,0,0,0,0,0,0,0,0,0,0,0,0,0,0,0,0,0,0,0,0,0,0,0,0,0,0,0,1,0,0,0,0,0,0,0,0,7,refresh_misuse_stolen,1,0,1,0,0,1,1,1,0,0,1,1,0
refresh_misuse_stolen,80,0,0,0,0,0,0,0,0,0,0,0,0,0,0,0,0,0,0,0,0,0,0,0,0,0,0,0,0,0,1,0,0,0,0,0,0,0,0,7,refresh_misuse_stolen,1,0,1,0,0,1,1,1,0,0,1,1,0
refresh_misuse_stolen,81,0,0,0,0,0,0,0,0,0,0,0,0,0,0,0,0,0,0,0,0,0,0,0,0,0,0,0,0,0,1,0,0,0,0,0,0,0,0,7,refresh_misuse_stolen,1,0,1,0,0,1,1,1,0,0,1,1,0
refresh_misuse_stolen,82,0,0,0,0,0,0,0,0,0,0,0,0,0,0,0,0,0,0,0,0,0,0,0,0,0,0,0,0,0,1,0,0,0,0,0,0,0,0,7,refresh_misuse_stolen,1,0,1,0,0,1,1,1,0,0,1,1,0
refresh_misuse_stolen,83,0,0,0,0,0,0,0,0,0,0,0,0,0,0,0,0,0,0,0,0,0,0,0,0,0,0,0,0,0,1,0,0,0,0,0,0,0,0,7,refresh_misuse_stolen,1,0,1,0,0,1,1,1,0,0,1,1,0
refresh_misuse_stolen,84,0,0,0,0,0,0,0,0,0,0,0,0,0,0,0,0,0,0,0,0,0,0,0,0,0,0,0,0,0,1,0,0,0,0,0,0,0,0,7,refresh_misuse_stolen,1,0,1,0,0,1,1,1,0,0,1,1,0
refresh_misuse_stolen,85,0,0,0,0,0,0,0,0,0,0,0,0,0,0,0,0,0,0,0,0,0,0,0,0,0,0,0,0,0,1,0,0,0,0,0,0,0,0,7,refresh_misuse_stolen,1,0,1,0,0,1,1,1,0,0,1,1,0
refresh_misuse_stolen,86,0,0,0,0,0,0,0,0,0,0,0,0,0,0,0,0,0,0,0,0,0,0,0,0,0,0,0,0,0,1,0,0,0,0,0,0,0,0,7,refresh_misuse_stolen,1,0,1,0,0,1,1,1,0,0,1,1,0
refresh_misuse_stolen,87,0,0,0,0,0,0,0,0,0,0,0,0,0,0,0,0,0,0,0,0,0,0,0,0,0,0,0,0,0,1,0,0,0,0,0,0,0,0,7,refresh_misuse_stolen,1,0,1,0,0,1,1,1,0,0,1,1,0
refresh_misuse_stolen,88,0,0,0,0,0,0,0,0,0,0,0,0,0,0,0,0,0,0,0,0,0,0,0,0,0,0,0,0,0,1,0,0,0,0,0,0,0,0,7,refresh_misuse_stolen,1,0,1,0,0,1,1,1,0,0,1,1,0
refresh_misuse_stolen,89,0,0,0,0,0,0,0,0,0,0,0,0,0,0,0,0,0,0,0,0,0,0,0,0,0,0,0,0,0,1,0,0,0,0,0,0,0,0,7,refresh_misuse_stolen,1,0,1,0,0,1,1,1,0,0,1,1,0
refresh_misuse_stolen,9,0,0,0,0,0,0,0,0,0,0,0,0,0,0,0,0,0,0,0,0,0,0,0,0,0,0,0,0,0,1,0,0,0,0,0,0,0,0,7,refresh_misuse_stolen,1,0,1,0,0,1,1,1,0,0,1,1,0
refresh_misuse_stolen,90,0,0,0,0,0,0,0,0,0,0,0,0,0,0,0,0,0,0,0,0,0,0,0,0,0,0,0,0,0,1,0,0,0,0,0,0,0,0,7,refresh_misuse_stolen,1,0,1,0,0,1,1,1,0,0,1,1,0
refresh_misuse_stolen,91,0,0,0,0,0,0,0,0,0,0,0,0,0,0,0,0,0,0,0,0,0,0,0,0,0,0,0,0,0,1,0,0,0,0,0,0,0,0,7,refresh_misuse_stolen,1,0,1,0,0,1,1,1,0,0,1,1,0
refresh_misuse_stolen,92,0,0,0,0,0,0,0,0,0,0,0,0,0,0,0,0,0,0,0,0,0,0,0,0,0,0,0,0,0,1,0,0,0,0,0,0,0,0,7,refresh_misuse_stolen,1,0,1,0,0,1,1,1,0,0,1,1,0
refresh_misuse_stolen,93,0,0,0,0,0,0,0,0,0,0,0,0,0,0,0,0,0,0,0,0,0,0,0,0,0,0,0,0,0,1,0,0,0,0,0,0,0,0,7,refresh_misuse_stolen,1,0,1,0,0,1,1,1,0,0,1,1,0
refresh_misuse_stolen,94,0,0,0,0,0,0,0,0,0,0,0,0,0,0,0,0,0,0,0,0,0,0,0,0,0,0,0,0,0,1,0,0,0,0,0,0,0,0,7,refresh_misuse_stolen,1,0,1,0,0,1,1,1,0,0,1,1,0
refresh_misuse_stolen,95,0,0,0,0,0,0,0,0,0,0,0,0,0,0,0,0,0,0,0,0,0,0,0,0,0,0,0,0,0,1,0,0,0,0,0,0,0,0,7,refresh_misuse_stolen,1,0,1,0,0,1,1,1,0,0,1,1,0
refresh_misuse_stolen,96,0,0,0,0,0,0,0,0,0,0,0,0,0,0,0,0,0,0,0,0,0,0,0,0,0,0,0,0,0,1,0,0,0,0,0,0,0,0,7,refresh_misuse_stolen,1,0,1,0,0,1,1,1,0,0,1,1,0
refresh_misuse_stolen,97,0,0,0,0,0,0,0,0,0,0,0,0,0,0,0,0,0,0,0,0,0,0,0,0,0,0,0,0,0,1,0,0,0,0,0,0,0,0,7,refresh_misuse_stolen,1,0,1,0,0,1,1,1,0,0,1,1,0
refresh_misuse_stolen,98,0,0,0,0,0,0,0,0,0,0,0,0,0,0,0,0,0,0,0,0,0,0,0,0,0,0,0,0,0,1,0,0,0,0,0,0,0,0,7,refresh_misuse_stolen,1,0,1,0,0,1,1,1,0,0,1,1,0
refresh_misuse_stolen,99,0,0,0,0,0,0,0,0,0,0,0,0,0,0,0,0,0,0,0,0,0,0,0,0,0,0,0,0,0,1,0,0,0,0,0,0,0,0,7,refresh_misuse_stolen,1,0,1,0,0,1,1,1,0,0,1,1,0
